2016-04-24 10:00:00,711420.0
2016-04-24 20:18:00,1605427.0
2016-04-25 06:36:00,3369205.0
2016-04-25 16:54:00,6050246.0
2016-04-26 03:12:00,2587936.0
2016-04-26 13:30:00,3757185.0
2016-04-26 23:48:00,4638490.0
2016-04-27 10:06:00,5065344.0
2016-04-27 20:24:00,6567753.0
2016-04-28 06:42:00,8015920.0
2016-04-28 17:00:00,10976085
2016-04-29 03:18:00,5278293.0
2016-04-29 13:36:00,4218879.0
2016-04-29 23:54:00,3859035.0
2016-04-30 10:12:00,6252077.0
2016-04-30 20:30:00,2088613.0
2016-05-01 06:48:00,1890042.0
2016-05-01 17:06:00,3765779.0
2016-05-02 03:24:00,889474.0
2016-05-02 13:42:00,6550740.0
2016-05-03 00:00:00,498619.0
2016-05-03 10:18:00,4994227.0
2016-05-03 20:36:00,1079712.0
2016-05-04 06:54:00,972278.0
2016-05-04 17:12:00,5796860.0
2016-05-05 03:30:00,1340995.0
2016-05-05 13:48:00,1090037.0
2016-05-06 00:06:00,916734.0
2016-05-06 10:24:00,1165463.0
2016-05-06 20:42:00,2383167.0
2016-05-07 07:00:00,2646121.0
2016-05-07 17:18:00,844538.0
2016-05-08 03:36:00,736112.0
2016-05-08 13:54:00,1253153.0
2016-05-09 00:12:00,369060.0
2016-05-09 10:30:00,523707.0
2016-05-09 20:48:00,1872316.0
2016-05-10 07:07:00,1931146.0
2016-05-10 17:25:00,3126137.0
2016-05-11 03:43:00,780813.0
2016-05-11 14:01:00,2962590.0
2016-05-12 00:25:00,2475222.0
2016-05-12 10:43:00,1151478.0
2016-05-12 21:01:00,2891515.0
2016-05-13 07:19:00,2388165.0
2016-05-13 17:37:00,3541767.0
2016-05-14 03:55:00,2908522.0
2016-05-14 14:13:00,3834087.0
2016-05-15 00:31:00,679061.0
2016-05-15 10:49:00,2461629.0
2016-05-15 21:07:00,2442224.0
2016-05-16 07:25:00,3151738.0
2016-05-16 17:43:00,5872788.0
2016-05-17 04:01:00,3261560.0
2016-05-17 14:19:00,6016514.0
2016-05-18 00:37:00,7087848.0
2016-05-18 10:55:00,1734039.0
2016-05-18 21:13:00,4460933.0
2016-05-19 07:31:00,12899940
2016-05-19 17:49:00,9074229.0
2016-05-20 04:07:00,5540906.0
2016-05-20 14:25:00,6108730.0
2016-05-21 00:43:00,2514741.0
2016-05-21 11:01:00,3649861.0
2016-05-21 21:19:00,5995740.0
2016-05-22 07:37:00,780306.0
2016-05-22 17:55:00,1327563.0
2016-05-23 04:13:00,774588.0
2016-05-23 14:31:00,1351177.0
2016-05-24 00:49:00,4926664.0
2016-05-24 11:07:00,2325131.0
2016-05-24 21:25:00,2444131.0
2016-05-25 07:43:00,4371796.0
2016-05-25 18:01:00,7066603.0
2016-05-26 04:19:00,3644963.0
2016-05-26 14:37:00,2788411.0
2016-05-27 00:55:00,3100082.0
2016-05-27 11:13:00,13086889
2016-05-27 21:31:00,13345525
2016-05-28 07:49:00,6618933.0
2016-05-28 18:07:00,2750963.0
2016-05-29 04:25:00,2310903.0
2016-05-29 14:43:00,2372430.0
2016-05-30 01:01:00,4268331.0
2016-05-30 11:19:00,6336731.0
2016-05-30 21:37:00,3879138.0
2016-05-31 07:55:00,2601466.0
2016-05-31 18:13:00,4609196.0
2016-06-01 04:31:00,6246353.0
2016-06-01 14:49:00,6520067.0
2016-06-02 01:07:00,2235147.0
2016-06-02 11:25:00,5782630.0
2016-06-02 21:43:00,2750591.0
2016-06-03 08:01:00,1341657.0
2016-06-03 18:19:00,2092010.0
2016-06-04 04:37:00,3254494.0
2016-06-04 14:55:00,2230689.0
2016-06-05 01:13:00,1191025.0
2016-06-05 11:31:00,990324.0
2016-06-05 21:49:00,1516864.0
2016-06-06 08:07:00,1160217.0
2016-06-06 18:25:00,1529263.0
2016-06-07 04:43:00,954416.0
2016-06-07 15:01:00,4952537.0
2016-06-08 01:19:00,1353297.0
2016-06-08 11:37:00,4323459.0
2016-06-08 21:55:00,2426437.0
2016-06-09 08:13:00,1198842.0
2016-06-09 18:31:00,3048830.0
2016-06-10 04:49:00,3190180.0
2016-06-10 15:07:00,469048.0
2016-06-11 01:25:00,1548066.0
2016-06-11 11:43:00,604508.0
2016-06-11 22:01:00,717053.0
2016-06-12 08:19:00,2058762.0
2016-06-12 18:37:00,5455497.0
2016-06-13 04:55:00,3534184.0
2016-06-13 15:13:00,4602506.0
2016-06-14 01:31:00,5778337.0
2016-06-14 11:49:00,16101702
2016-06-14 22:08:00,20954917
2016-06-15 08:26:00,24957284
2016-06-15 18:44:00,38780969
2016-06-16 05:02:00,25614265
2016-06-16 15:20:00,27721122
2016-06-17 01:38:00,25392516
2016-06-17 11:56:00,26159266
2016-06-17 22:14:00,25258384
2016-06-18 08:32:00,24643058
2016-06-18 18:50:00,12188460
2016-06-19 05:08:00,7378361.0
2016-06-19 15:26:00,3196448.0
2016-06-20 01:44:00,2777908.0
2016-06-20 12:02:00,3086722.0
2016-06-20 22:20:00,5569026.0
2016-06-21 08:38:00,3242424.0
2016-06-21 18:56:00,7706097.0
2016-06-22 05:14:00,7507227.0
2016-06-22 15:32:00,6658101.0
2016-06-23 01:50:00,14459648
2016-06-23 12:08:00,10315263
2016-06-23 22:26:00,10835616
2016-06-24 08:44:00,9855134.0
2016-06-24 19:02:00,21946477
2016-06-25 05:20:00,13765540
2016-06-25 15:38:00,6110723.0
2016-06-26 01:56:00,1692049.0
2016-06-26 12:14:00,892401.0
2016-06-26 22:32:00,1027421.0
2016-06-27 08:50:00,872646.0
2016-06-27 19:08:00,5321487.0
2016-06-28 05:26:00,687855.0
2016-06-28 15:44:00,3170494.0
2016-06-29 02:02:00,1779279.0
2016-06-29 12:20:00,2975090.0
2016-06-29 22:38:00,2181567.0
2016-06-30 08:56:00,2280423.0
2016-06-30 19:14:00,7724063.0
2016-07-01 05:32:00,3455739.0
2016-07-01 15:50:00,3461308.0
2016-07-02 02:08:00,1232207.0
2016-07-02 12:26:00,5210517.0
2016-07-02 22:44:00,1425942.0
2016-07-03 09:02:00,1757568.0
2016-07-03 19:20:00,2094211.0
2016-07-04 05:38:00,1306935.0
2016-07-04 15:56:00,3320691.0
2016-07-05 02:14:00,1479351.0
2016-07-05 12:32:00,4179620.0
2016-07-05 22:50:00,1838569.0
2016-07-06 09:08:00,4625113.0
2016-07-06 19:26:00,2390004.0
2016-07-07 05:44:00,3412660.0
2016-07-07 16:02:00,1641608.0
2016-07-08 02:20:00,3374357.0
2016-07-08 12:38:00,2842942.0
2016-07-08 22:56:00,3175810.0
2016-07-09 09:14:00,3242901.0
2016-07-09 19:32:00,4343060.0
2016-07-10 05:50:00,1642363.0
2016-07-10 16:08:00,1802190.0
2016-07-11 02:26:00,1751194.0
2016-07-11 12:44:00,1783736.0
2016-07-11 23:02:00,1626772.0
2016-07-12 09:20:00,1569102.0
2016-07-12 19:38:00,6393877.0
2016-07-13 05:56:00,1752125.0
2016-07-13 16:14:00,7765162.0
2016-07-14 02:32:00,3539498.0
2016-07-14 12:50:00,1287147.0
2016-07-14 23:08:00,2359172.0
2016-07-15 09:26:00,4865588.0
2016-07-15 19:44:00,2360507.0
2016-07-16 06:02:00,2256550.0
2016-07-16 16:20:00,1895426.0
2016-07-17 02:38:00,1685652.0
2016-07-17 12:56:00,2009610.0
2016-07-17 23:14:00,1359889.0
2016-07-18 09:32:00,7047252.0
2016-07-18 19:50:00,2478710.0
2016-07-19 06:08:00,3025583.0
2016-07-19 16:26:00,8391685.0
2016-07-20 02:44:00,1445732.0
2016-07-20 13:02:00,2806496.0
2016-07-20 23:20:00,4670337.0
2016-07-21 09:38:00,3712609.0
2016-07-21 19:56:00,2986669.0
2016-07-22 06:14:00,3788665.0
2016-07-22 16:32:00,10805127
2016-07-23 02:50:00,7996363.0
2016-07-23 13:08:00,1813961.0
2016-07-23 23:26:00,1538435.0
2016-07-24 09:44:00,1972828.0
2016-07-24 20:02:00,2020422.0
2016-07-25 06:20:00,2866447.0
2016-07-25 16:38:00,1808248.0
2016-07-26 02:56:00,4374527.0
2016-07-26 13:14:00,1862765.0
2016-07-26 23:32:00,6206535.0
2016-07-27 09:50:00,10139603
2016-07-27 20:08:00,8314902.0
2016-07-28 06:26:00,7540630.0
2016-07-28 16:44:00,4052435.0
2016-07-29 03:02:00,2042637.0
2016-07-29 13:20:00,2220856.0
2016-07-29 23:38:00,3981560.0
2016-07-30 09:56:00,11577003
2016-07-30 20:14:00,12167949
2016-07-31 06:32:00,3268559.0
2016-07-31 16:50:00,4441140.0
2016-08-01 03:08:00,4259792.0
2016-08-01 13:26:00,1855890.0
2016-08-01 23:44:00,4292839.0
2016-08-02 10:02:00,5856767.0
2016-08-02 20:20:00,4973529.0
2016-08-03 06:38:00,3288328.0
2016-08-03 16:56:00,5078756.0
2016-08-04 03:14:00,5826795.0
2016-08-04 13:32:00,6110404.0
2016-08-04 23:50:00,5708391.0
2016-08-05 10:08:00,5777121.0
2016-08-05 20:26:00,4926615.0
2016-08-06 06:44:00,2763844.0
2016-08-06 17:02:00,1945927.0
2016-08-07 03:20:00,2164315.0
2016-08-07 13:38:00,3261484.0
2016-08-07 23:56:00,1741342.0
2016-08-08 10:14:00,8658901.0
2016-08-08 20:32:00,2792972.0
2016-08-09 06:50:00,3437248.0
2016-08-09 17:08:00,10592238
2016-08-10 03:26:00,1783403.0
2016-08-10 13:44:00,2735971.0
2016-08-11 00:02:00,8913141.0
2016-08-11 10:20:00,4382423.0
2016-08-11 20:38:00,3082332.0
2016-08-12 06:56:00,1364457.0
2016-08-12 17:14:00,8492507.0
2016-08-13 03:32:00,1614168.0
2016-08-13 13:50:00,1192966.0
2016-08-14 00:08:00,1207656.0
2016-08-14 10:26:00,1825310.0
2016-08-14 20:44:00,1554613.0
2016-08-15 07:02:00,6548743.0
2016-08-15 17:20:00,4362694.0
2016-08-16 03:38:00,12104947
2016-08-16 13:56:00,4001082.0
2016-08-17 00:14:00,5435870.0
2016-08-17 10:32:00,8877736.0
2016-08-17 20:50:00,4538258.0
2016-08-18 07:08:00,1324508.0
2016-08-18 17:26:00,4923495.0
2016-08-19 03:44:00,2823473.0
2016-08-19 14:02:00,1602850.0
2016-08-20 00:20:00,1893722.0
2016-08-20 10:38:00,3396523.0
2016-08-20 20:56:00,1079017.0
2016-08-21 07:14:00,1163219.0
2016-08-21 17:32:00,1633171.0
2016-08-22 03:50:00,5997534.0
2016-08-22 14:08:00,3228595.0
2016-08-23 00:26:00,1653035.0
2016-08-23 10:44:00,1937170.0
2016-08-23 21:02:00,5371417.0
2016-08-24 07:20:00,1981818.0
2016-08-24 17:38:00,4685285.0
2016-08-25 03:56:00,2787642.0
2016-08-25 14:14:00,7245449.0
2016-08-26 00:32:00,4655440.0
2016-08-26 10:50:00,1555558.0
2016-08-26 21:08:00,3973113.0
2016-08-27 07:26:00,2926703.0
2016-08-27 17:44:00,5993933.0
2016-08-28 04:02:00,1980163.0
2016-08-28 14:20:00,1789314.0
2016-08-29 00:38:00,2037906.0
2016-08-29 10:56:00,3382107.0
2016-08-29 21:14:00,3866512.0
2016-08-30 07:32:00,2959017.0
2016-08-30 17:50:00,8238118.0
2016-08-31 04:08:00,8047453.0
2016-08-31 14:26:00,2529315.0
2016-09-01 00:44:00,3391488.0
2016-09-01 11:02:00,3097711.0
2016-09-01 21:20:00,4324462.0
2016-09-02 07:38:00,2044947.0
2016-09-02 17:56:00,1961864.0
2016-09-03 04:14:00,1470461.0
2016-09-03 14:32:00,2213748.0
2016-09-04 00:50:00,1375629.0
2016-09-04 11:08:00,2092823.0
2016-09-04 21:26:00,1390251.0
2016-09-05 07:44:00,7986485.0
2016-09-05 18:02:00,8614139.0
2016-09-06 04:20:00,3493980.0
2016-09-06 14:38:00,3172265.0
2016-09-07 00:56:00,1968113.0
2016-09-07 11:14:00,3188275.0
2016-09-07 21:32:00,2798959.0
2016-09-08 07:50:00,2430323.0
2016-09-08 18:08:00,7741456.0
2016-09-09 04:26:00,4105630.0
2016-09-09 14:44:00,2076346.0
2016-09-10 01:02:00,1601977.0
2016-09-10 11:20:00,2745011.0
2016-09-10 21:38:00,2208817.0
2016-09-11 07:56:00,2205218.0
2016-09-11 18:14:00,1349785.0
2016-09-12 04:32:00,1413463.0
2016-09-12 14:50:00,1868262.0
2016-09-13 01:08:00,2851681.0
2016-09-13 11:26:00,3993215.0
2016-09-13 21:44:00,2062445.0
2016-09-14 08:02:00,2169610.0
2016-09-14 18:20:00,2497117.0
2016-09-15 04:38:00,3013449.0
2016-09-15 14:56:00,6795383.0
2016-09-16 01:14:00,2449696.0
2016-09-16 11:32:00,2605946.0
2016-09-16 21:50:00,10021777
2016-09-17 08:08:00,2403446.0
2016-09-17 18:26:00,12382673
2016-09-18 04:44:00,2828531.0
2016-09-18 15:02:00,2375510.0
2016-09-19 01:20:00,2280475.0
2016-09-19 11:38:00,3320240.0
2016-09-19 21:56:00,7265697.0
2016-09-20 08:14:00,1881315.0
2016-09-20 18:32:00,4406197.0
2016-09-21 04:50:00,1618829.0
2016-09-21 15:08:00,2399020.0
2016-09-22 01:26:00,2575951.0
2016-09-22 11:44:00,1661410.0
2016-09-22 22:02:00,4895444.0
2016-09-23 08:20:00,1834254.0
2016-09-23 18:38:00,2125561.0
2016-09-24 04:56:00,4868428.0
2016-09-24 15:14:00,2510056.0
2016-09-25 01:32:00,1157102.0
2016-09-25 11:50:00,1383358.0
2016-09-25 22:08:00,1501837.0
2016-09-26 08:26:00,2336063.0
2016-09-26 18:44:00,3483404.0
2016-09-27 05:02:00,2028265.0
2016-09-27 15:20:00,4494574.0
2016-09-28 01:38:00,1631905.0
2016-09-28 11:56:00,4118263.0
2016-09-28 22:14:00,2469262.0
2016-09-29 08:32:00,2966345.0
2016-09-29 18:50:00,5065265.0
2016-09-30 05:08:00,2948490.0
2016-09-30 15:26:00,4012432.0
2016-10-01 01:44:00,1404526.0
2016-10-01 12:02:00,6236139.0
2016-10-01 22:20:00,1652740.0
2016-10-02 08:38:00,2289813.0
2016-10-02 18:56:00,5925284.0
2016-10-03 05:14:00,4131565.0
2016-10-03 15:32:00,4132534.0
2016-10-04 01:50:00,3135198.0
2016-10-04 12:08:00,5099324.0
2016-10-04 22:26:00,2534998.0
2016-10-05 08:44:00,3976915.0
2016-10-05 19:02:00,3742603.0
2016-10-06 05:20:00,2941298.0
2016-10-06 15:38:00,6007568.0
2016-10-07 01:56:00,2620270.0
2016-10-07 12:14:00,2650229.0
2016-10-07 22:32:00,2444224.0
2016-10-08 08:50:00,3446492.0
2016-10-08 19:08:00,2073980.0
2016-10-09 05:26:00,1820353.0
2016-10-09 15:44:00,3148012.0
2016-10-10 02:02:00,1934854.0
2016-10-10 12:20:00,3331062.0
2016-10-10 22:38:00,11618891
2016-10-11 08:56:00,5145469.0
2016-10-11 19:14:00,10583249
2016-10-12 05:32:00,6943009.0
2016-10-12 15:50:00,5657932.0
2016-10-13 02:08:00,3185631.0
2016-10-13 12:26:00,6978864.0
2016-10-13 22:44:00,8490712.0
2016-10-14 09:02:00,3780526.0
2016-10-14 19:20:00,5446362.0
2016-10-15 05:38:00,3225969.0
2016-10-15 15:56:00,4125374.0
2016-10-16 02:14:00,2282549.0
2016-10-16 12:32:00,3300238.0
2016-10-16 22:50:00,2548909.0
2016-10-17 09:08:00,2346333.0
2016-10-17 19:26:00,9699927.0
2016-10-18 05:44:00,2209810.0
2016-10-18 16:02:00,9483316.0
2016-10-19 02:20:00,2240350.0
2016-10-19 12:38:00,3809905.0
2016-10-19 22:56:00,17401439
2016-10-20 09:14:00,10477438
2016-10-20 19:32:00,4716801.0
2016-10-21 05:50:00,1573525.0
2016-10-21 16:08:00,1522766.0
2016-10-22 02:26:00,1762027.0
2016-10-22 12:44:00,3974015.0
2016-10-22 23:02:00,3562557.0
2016-10-23 09:20:00,2427999.0
2016-10-23 19:38:00,9679514.0
2016-10-24 05:56:00,1720157.0
2016-10-24 16:14:00,8727833.0
2016-10-25 02:32:00,14439203
2016-10-25 12:50:00,2421834.0
2016-10-25 23:08:00,18951314
2016-10-26 09:26:00,20912626.333333332
2016-10-26 19:44:00,27871882.333333332
2016-10-27 06:02:00,24306932
2016-10-27 16:20:00,21778889
2016-10-28 02:38:00,1349448.25
2016-10-28 12:56:00,2897425.0
2016-10-28 23:14:00,2899273.0
2016-10-29 09:32:00,4437660.0
2016-10-29 19:50:00,2355048.75
2016-10-30 06:08:00,2126955.25
2016-10-30 16:26:00,2634883.25
2016-10-31 02:44:00,2460124.5
2016-10-31 13:02:00,4930131.75
2016-10-31 23:20:00,3585144.5
2016-11-01 09:38:00,1958056.75
2016-11-01 19:56:00,3663456.0
2016-11-02 06:14:00,10028054.25
2016-11-02 16:32:00,7773459.25
2016-11-03 02:50:00,3397995.0
2016-11-03 13:08:00,1524913.0
2016-11-03 23:26:00,3533645.5
2016-11-04 09:44:00,8632366.0
2016-11-04 20:02:00,7690940.333333333
2016-11-05 06:20:00,2023626.5
2016-11-05 16:38:00,8199893.0
2016-11-06 02:56:00,2097580.0
2016-11-06 13:14:00,2253878.5
2016-11-06 23:32:00,4122195.0
2016-11-07 09:50:00,6761628.5
2016-11-07 20:08:00,5519404.75
2016-11-08 06:26:00,2715603.75
2016-11-08 16:44:00,4589818.25
2016-11-09 03:02:00,3037069.25
2016-11-09 13:20:00,6711952.0
2016-11-09 23:38:00,1948138.25
2016-11-10 09:56:00,1783093.5
2016-11-10 20:14:00,3149177.0
2016-11-11 06:32:00,2409122.0
2016-11-11 16:50:00,2487415.75
2016-11-12 03:08:00,2104913.0
2016-11-12 13:26:00,4417928.75
2016-11-12 23:44:00,2705202.75
2016-11-13 10:02:00,2351299.5
2016-11-13 20:20:00,3664141.75
2016-11-14 06:38:00,4749009.0
2016-11-14 16:56:00,5215649.0
2016-11-15 03:14:00,1971674.0
2016-11-15 13:32:00,2044446.25
2016-11-15 23:50:00,2521114.5
2016-11-16 10:08:00,4076887.75
2016-11-16 20:26:00,4722355.25
2016-11-17 06:44:00,2619582.0
2016-11-17 17:02:00,5975826.5
2016-11-18 03:20:00,6181883.25
2016-11-18 13:38:00,4732110.75
2016-11-18 23:56:00,6013852.6
2016-11-19 10:14:00,4677940.5
2016-11-19 20:32:00,3559893.5
2016-11-20 06:50:00,2613730.75
2016-11-20 17:08:00,5789802.25
2016-11-21 03:26:00,10056148.75
2016-11-21 13:44:00,11072211.5
2016-11-22 00:02:00,20496623
2016-11-22 10:20:00,25807129.5
2016-11-22 20:38:00,35899255
2016-11-23 06:56:00,27574038.75
2016-11-23 17:14:00,41885518.75
2016-11-24 03:32:00,43645313.5
2016-11-24 13:50:00,41472349
2016-11-25 00:08:00,28944858
2016-11-25 10:26:00,27316698
2016-11-25 20:44:00,27613780.5
2016-11-26 07:02:00,17193238.5
2016-11-26 17:20:00,15388510.5
2016-11-27 03:38:00,3713163.5
2016-11-27 13:56:00,2805728.0
2016-11-28 00:14:00,12595789
2016-11-28 10:32:00,3670881.0
2016-11-28 20:50:00,9088240.5
2016-11-29 07:08:00,5741293.5
2016-11-29 17:26:00,3851687.0
2016-11-30 03:44:00,3364719.5
2016-11-30 14:02:00,5785015.5
2016-12-01 00:20:00,6845311.0
2016-12-01 10:38:00,6640983.5
2016-12-01 20:56:00,21490836
2016-12-02 07:14:00,20498731.5
2016-12-02 17:32:00,26535228
2016-12-03 03:50:00,21052493
2016-12-03 14:08:00,3374307.5
2016-12-04 00:26:00,3960796.0
2016-12-04 10:44:00,5403380.5
2016-12-04 21:02:00,6774053.5
2016-12-05 07:20:00,5565721.5
2016-12-05 17:38:00,6122569.0
2016-12-06 03:56:00,15271838.5
2016-12-06 14:14:00,12024727
2016-12-07 00:32:00,9826760.0
2016-12-07 10:50:00,3952240.0
2016-12-07 21:08:00,6869703.0
2016-12-08 07:26:00,2410080.0
2016-12-08 17:44:00,6606499.0
2016-12-09 04:02:00,2912823.0
2016-12-09 14:20:00,8127206.5
2016-12-10 00:38:00,5245928.0
2016-12-10 10:56:00,6091207.0
2016-12-10 21:14:00,9108209.5
2016-12-11 07:32:00,2776491.5
2016-12-11 17:50:00,2626294.5
2016-12-12 04:08:00,2906404.5
2016-12-12 14:26:00,9406711.0
2016-12-13 00:44:00,3661885.5
2016-12-13 11:02:00,3241153.5
2016-12-13 21:20:00,7678934.0
2016-12-14 07:38:00,6190634.0
2016-12-14 17:56:00,9404191.0
2016-12-15 04:14:00,11477147
2016-12-15 14:32:00,15698395.5
2016-12-16 00:50:00,17806460
2016-12-16 11:08:00,10162220
2016-12-16 21:26:00,12080408.5
2016-12-17 07:44:00,10002009
2016-12-17 18:02:00,9115328.5
2016-12-18 04:20:00,8014473.0
2016-12-18 14:38:00,6630413.0
2016-12-19 00:56:00,8131495.0
2016-12-19 11:14:00,10178224.5
2016-12-19 21:32:00,9486266.0
2016-12-20 07:50:00,13880878
2016-12-20 18:08:00,15052032.5
2016-12-21 04:26:00,12401845
2016-12-21 14:44:00,19068987
2016-12-22 01:02:00,8625185.0
2016-12-22 11:20:00,7827375.0
2016-12-22 21:38:00,7881114.0
2016-12-23 07:56:00,8029239.0
2016-12-23 18:14:00,16386312.5
2016-12-24 04:32:00,10605951.5
2016-12-24 14:50:00,13778682.5
2016-12-25 01:08:00,2740343.0
2016-12-25 11:26:00,2454057.0
2016-12-25 21:44:00,2220594.5
2016-12-26 08:02:00,4392536.5
2016-12-26 18:20:00,7396868.0
2016-12-27 04:38:00,2256418.0
2016-12-27 14:56:00,5641296.0
2016-12-28 01:14:00,2781227.5
2016-12-28 11:32:00,2575349.0
2016-12-28 21:50:00,8062902.0
2016-12-29 08:08:00,3521779.5
2016-12-29 18:26:00,11266330.5
2016-12-30 04:44:00,2525870.0
2016-12-30 15:02:00,4731266.0
2016-12-31 01:20:00,4822144.5
2016-12-31 11:38:00,3485433.0
2016-12-31 21:56:00,3581559.0
2017-01-01 08:14:00,2713115.0
2017-01-01 18:32:00,2090003.0
2017-01-02 04:50:00,8332980.0
2017-01-02 15:08:00,8576198.333333334
2017-01-03 01:26:00,4043057.5
2017-01-03 11:44:00,3135989.5
2017-01-03 22:02:00,9180754.25
2017-01-04 08:20:00,5562041.5
2017-01-04 18:38:00,4704816.5
2017-01-05 04:56:00,8163526.5
2017-01-05 15:14:00,25439727
2017-01-06 01:32:00,34222817
2017-01-06 11:50:00,24433511
2017-01-06 22:08:00,22908126
2017-01-07 08:26:00,21966415.5
2017-01-07 18:44:00,19293847.5
2017-01-08 05:02:00,10640013.5
2017-01-08 15:20:00,10734899
2017-01-09 01:38:00,5891249.5
2017-01-09 11:56:00,6513361.0
2017-01-09 22:14:00,20378295
2017-01-10 08:32:00,13100588.5
2017-01-10 18:50:00,13458726.5
2017-01-11 05:08:00,9066028.5
2017-01-11 15:26:00,15559522.5
2017-01-12 01:44:00,11031730.5
2017-01-12 12:02:00,7481346.5
2017-01-12 22:20:00,5628922.5
2017-01-13 08:38:00,2603667.5
2017-01-13 18:56:00,6852328.0
2017-01-14 05:14:00,3496351.0
2017-01-14 15:32:00,2344319.0
2017-01-15 01:50:00,2400279.5
2017-01-15 12:08:00,2248683.0
2017-01-15 22:26:00,2561470.0
2017-01-16 08:44:00,2903355.5
2017-01-16 19:02:00,9082195.0
2017-01-17 05:20:00,2621471.0
2017-01-17 15:38:00,11022410.5
2017-01-18 01:56:00,3142151.0
2017-01-18 12:14:00,2807084.0
2017-01-18 22:32:00,6473235.5
2017-01-19 08:50:00,1368182.5
2017-01-19 19:08:00,1814689.0
2017-01-20 05:26:00,2047112.0
2017-01-20 15:44:00,1178926.5
2017-01-21 02:02:00,1763231.5
2017-01-21 12:20:00,1420714.5
2017-01-21 22:38:00,1281167.0
2017-01-22 08:56:00,2312038.0
2017-01-22 19:14:00,1150114.5
2017-01-23 05:32:00,2799514.0
2017-01-23 15:50:00,10212774
2017-01-24 02:08:00,31036965
2017-01-24 12:26:00,27562895.5
2017-01-24 22:44:00,32522970
2017-01-25 09:02:00,31104907.5
2017-01-25 19:20:00,26267379
2017-01-26 05:38:00,10300944
2017-01-26 15:56:00,10724240
2017-01-27 02:14:00,6362288.0
2017-01-27 12:32:00,3867127.0
2017-01-27 22:50:00,6875225.5
2017-01-28 09:08:00,5110872.0
2017-01-28 19:26:00,9435958.0
2017-01-29 05:44:00,7191051.0
2017-01-29 16:02:00,7872161.5
2017-01-30 02:20:00,7580762.0
2017-01-30 12:38:00,13384749
2017-01-30 22:56:00,31736218.5
2017-01-31 09:14:00,23560931.5
2017-01-31 19:32:00,35635387
2017-02-01 05:50:00,19501834.5
2017-02-01 16:08:00,15805179
2017-02-02 02:26:00,8821011.5
2017-02-02 12:44:00,10785285.5
2017-02-02 23:02:00,30576066.5
2017-02-03 09:20:00,32270690
2017-02-03 19:38:00,38666494
2017-02-04 05:56:00,19227862.5
2017-02-04 16:14:00,18588524.5
2017-02-05 02:32:00,22214100.5
2017-02-05 12:50:00,24076200
2017-02-05 23:08:00,23533957
2017-02-06 09:26:00,19923955.5
2017-02-06 19:44:00,36967765
2017-02-07 06:02:00,41505593.5
2017-02-07 16:20:00,48952624.5
2017-02-08 02:38:00,40291703
2017-02-08 12:56:00,36126323.5
2017-02-08 23:14:00,43088126
2017-02-09 09:32:00,25431944.75
2017-02-09 19:50:00,35942371.75
2017-02-10 06:08:00,25683260
2017-02-10 16:26:00,28882968.5
2017-02-11 02:44:00,23363496.25
2017-02-11 13:02:00,18362719.25
2017-02-11 23:20:00,18282397.5
2017-02-12 09:38:00,5367941.25
2017-02-12 19:56:00,7712982.5
2017-02-13 06:14:00,6361349.5
2017-02-13 16:32:00,9279940.5
2017-02-14 02:50:00,6000793.25
2017-02-14 13:08:00,7187842.0
2017-02-14 23:26:00,12131813.5
2017-02-15 09:44:00,12146569.75
2017-02-15 20:02:00,16799360
2017-02-16 06:20:00,11766380.5
2017-02-16 16:38:00,18492272.5
2017-02-17 02:56:00,23524081
2017-02-17 13:14:00,20544519
2017-02-17 23:32:00,26570126
2017-02-18 09:50:00,17373151
2017-02-18 20:08:00,17036151
2017-02-19 06:26:00,9166234.0
2017-02-19 16:44:00,14374256.5
2017-02-20 03:02:00,11966578
2017-02-20 13:20:00,15941076.5
2017-02-20 23:38:00,27054379
2017-02-21 09:56:00,27842647.5
2017-02-21 20:14:00,44394564
2017-02-22 06:32:00,47094930.5
2017-02-22 16:50:00,53756423
2017-02-23 03:08:00,65509243
2017-02-23 13:26:00,62587583
2017-02-23 23:44:00,56764885.5
2017-02-24 10:02:00,54147876.5
2017-02-24 20:20:00,60407261
2017-02-25 06:38:00,42477050
2017-02-25 16:56:00,44767421.5
2017-02-26 03:14:00,24569217
2017-02-26 13:32:00,21887655.666666668
2017-02-26 23:50:00,7926098.5
2017-02-27 10:08:00,8975506.5
2017-02-27 20:26:00,30052441.5
2017-02-28 06:44:00,29319161
2017-02-28 17:02:00,37496216
2017-03-01 03:20:00,36611321
2017-03-01 13:38:00,47698792
2017-03-01 23:56:00,57004940.5
2017-03-02 10:14:00,44873215
2017-03-02 20:32:00,65755955
2017-03-03 06:50:00,63205263.5
2017-03-03 17:08:00,68205260
2017-03-04 03:26:00,56298571
2017-03-04 13:44:00,53789632
2017-03-05 00:02:00,61285857
2017-03-05 10:20:00,44489749.5
2017-03-05 20:38:00,53076348.5
2017-03-06 06:56:00,44651172
2017-03-06 17:14:00,60531293
2017-03-07 03:32:00,57335696
2017-03-07 13:50:00,59136959.5
2017-03-08 00:08:00,60305267
2017-03-08 10:26:00,54130785.5
2017-03-08 20:44:00,58224012.5
2017-03-09 07:02:00,54148808
2017-03-09 17:20:00,53138562.5
2017-03-10 03:38:00,46747588.5
2017-03-10 13:56:00,45327540.5
2017-03-11 00:14:00,52806642.5
2017-03-11 10:32:00,46753919.5
2017-03-11 20:50:00,57579044
2017-03-12 07:08:00,36770623
2017-03-12 17:26:00,29929058
2017-03-13 03:44:00,22873368.5
2017-03-13 14:02:00,20365687
2017-03-14 00:20:00,31596335.5
2017-03-14 10:38:00,19700575
2017-03-14 20:56:00,27252927.5
2017-03-15 07:14:00,23875193.5
2017-03-15 17:32:00,32555011
2017-03-16 03:50:00,27190994.5
2017-03-16 14:08:00,28451951.5
2017-03-17 00:26:00,30839799.5
2017-03-17 10:44:00,24672370.5
2017-03-17 21:02:00,31743087
2017-03-18 07:20:00,7780515.5
2017-03-18 17:38:00,15226075.5
2017-03-19 03:56:00,9864438.5
2017-03-19 14:14:00,1890551.5
2017-03-20 00:32:00,1041279.0
2017-03-20 10:50:00,6476898.0
2017-03-20 21:08:00,10979488
2017-03-21 07:26:00,13234878
2017-03-21 17:44:00,7888259.5
2017-03-22 04:02:00,11853000
2017-03-22 14:20:00,9749921.0
2017-03-23 00:38:00,7395057.5
2017-03-23 10:56:00,3221366.0
2017-03-23 21:14:00,11169517.5
2017-03-24 07:32:00,3990973.0
2017-03-24 17:50:00,2002156.5
2017-03-25 04:08:00,3487845.0
2017-03-25 14:26:00,6987691.5
2017-03-26 00:44:00,2469156.5
2017-03-26 11:02:00,196028.0
2017-03-26 21:20:00,287573.0
2017-03-27 07:38:00,4238937.5
2017-03-27 17:56:00,16841773.5
2017-03-28 04:14:00,12257993.5
2017-03-28 14:32:00,9201281.0
2017-03-29 00:50:00,16401077.5
2017-03-29 11:08:00,18171478.5
2017-03-29 21:26:00,21027876
2017-03-30 07:44:00,5980103.5
2017-03-30 18:02:00,8270965.0
2017-03-31 04:20:00,5909372.5
2017-03-31 14:38:00,6674942.5
2017-04-01 00:56:00,11036240
2017-04-01 11:14:00,15765764.5
2017-04-01 21:32:00,9181182.0
2017-04-02 07:50:00,385664.0
2017-04-02 18:08:00,2893532.5
2017-04-03 04:26:00,2100863.5
2017-04-03 14:44:00,5005014.0
2017-04-04 01:02:00,8361863.5
2017-04-04 11:20:00,13764148
2017-04-04 21:38:00,22431362
2017-04-05 07:56:00,8545949.5
2017-04-05 18:14:00,13504098
2017-04-06 04:32:00,12230127.5
2017-04-06 14:50:00,16157640.5
2017-04-07 01:08:00,11928125.5
2017-04-07 11:26:00,16956702
2017-04-07 21:44:00,48113747.5
2017-04-08 08:02:00,32569915
2017-04-08 18:20:00,20047534
2017-04-09 04:38:00,7783828.5
2017-04-09 14:56:00,3384170.5
2017-04-10 01:14:00,225042.5
2017-04-10 11:32:00,4392741.5
2017-04-10 21:50:00,16387208
2017-04-11 08:08:00,1761100.5
2017-04-11 18:26:00,13449965
2017-04-12 04:44:00,14264389
2017-04-12 15:02:00,13356403.5
2017-04-13 01:20:00,21957840.5
2017-04-13 11:38:00,21315803.5
2017-04-13 21:56:00,45567178
2017-04-14 08:14:00,42146845
2017-04-14 18:32:00,36824156.5
2017-04-15 04:50:00,27267639
2017-04-15 15:08:00,17989130.666666668
2017-04-16 01:26:00,7564581.0
2017-04-16 11:44:00,6496548.0
2017-04-16 22:02:00,2008272.5
2017-04-17 08:20:00,528548.0
2017-04-17 18:38:00,11480083.5
2017-04-18 04:56:00,13450625
2017-04-18 15:14:00,15301130.5
2017-04-19 01:32:00,14651541.5
2017-04-19 11:50:00,18349747.5
2017-04-19 22:08:00,19844631.5
2017-04-20 08:26:00,16589846
2017-04-20 18:44:00,32971975.5
2017-04-21 05:02:00,25339560
2017-04-21 15:20:00,21914533.5
2017-04-22 01:38:00,14866548.5
2017-04-22 11:56:00,27044365.5
2017-04-22 22:14:00,27733568.5
2017-04-23 08:32:00,17087122.5
2017-04-23 18:50:00,15059128.5
2017-04-24 05:08:00,6133836.5
2017-04-24 15:26:00,14199608.5
2017-04-25 01:44:00,33473067
2017-04-25 12:02:00,26895308
2017-04-25 22:20:00,38458046
2017-04-26 08:38:00,30039967.5
2017-04-26 18:56:00,35669648.5
2017-04-27 05:14:00,31035040
2017-04-27 15:32:00,35012163.5
2017-04-28 01:50:00,37128907.5
2017-04-28 12:08:00,40712214
2017-04-28 22:26:00,50630160
2017-04-29 08:44:00,30422287
2017-04-29 19:02:00,23575731.5
2017-04-30 05:20:00,20957352
2017-04-30 15:38:00,10997546
2017-05-01 01:56:00,6473538.5
2017-05-01 12:14:00,11184655
2017-05-01 22:32:00,24055882
2017-05-02 08:50:00,24107707
2017-05-02 19:08:00,32792156
2017-05-03 05:26:00,38079004.5
2017-05-03 15:44:00,43516859
2017-05-04 02:02:00,55971620.5
2017-05-04 12:20:00,47011303.5
2017-05-04 22:38:00,66467138.5
2017-05-05 08:56:00,71050323.5
2017-05-05 19:14:00,99042482
2017-05-06 05:32:00,82413088.5
2017-05-06 15:50:00,63797247.5
2017-05-07 02:08:00,73080960.5
2017-05-07 12:26:00,45577100.5
2017-05-07 22:44:00,55503081.666666664
2017-05-08 09:02:00,45456439
2017-05-08 19:20:00,51266720
2017-05-09 05:38:00,56728436
2017-05-09 15:56:00,56454064
2017-05-10 02:14:00,77143850.5
2017-05-10 12:32:00,93497558
2017-05-10 22:50:00,99590961
2017-05-11 09:08:00,100536822.5
2017-05-11 19:26:00,115507979.4
2017-05-12 05:44:00,116503770.25
2017-05-12 16:02:00,110020569
2017-05-13 02:20:00,102362938
2017-05-13 12:38:00,106522786
2017-05-13 22:56:00,104311407.66666667
2017-05-14 09:14:00,98546958
2017-05-14 19:32:00,81453098.33333333
2017-05-15 05:50:00,83689662.5
2017-05-15 16:08:00,89448513.5
2017-05-16 02:26:00,106718770
2017-05-16 12:44:00,113395725.5
2017-05-16 23:02:00,95243317
2017-05-17 09:20:00,109556759
2017-05-17 19:38:00,99918075
2017-05-18 05:56:00,95515503
2017-05-18 16:14:00,106362961
2017-05-19 02:32:00,86348867
2017-05-19 12:50:00,103920533
2017-05-19 23:08:00,103842499
2017-05-20 09:26:00,97400871.5
2017-05-20 19:44:00,92918142
2017-05-21 06:02:00,98972360
2017-05-21 16:20:00,96703077
2017-05-22 02:38:00,100991740
2017-05-22 12:56:00,113111976
2017-05-22 23:14:00,111630604.5
2017-05-23 09:32:00,106737256
2017-05-23 19:50:00,111069178
2017-05-24 06:08:00,103171804
2017-05-24 16:26:00,118824357
2017-05-25 02:44:00,100649914.5
2017-05-25 13:02:00,101112463.5
2017-05-25 23:20:00,107344336
2017-05-26 09:38:00,94912212
2017-05-26 19:56:00,110854914.5
2017-05-27 06:14:00,90265375
2017-05-27 16:32:00,104625486
2017-05-28 02:50:00,100892039
2017-05-28 13:08:00,96837757.5
2017-05-28 23:26:00,90211291.33333333
2017-05-29 09:44:00,92651226
2017-05-29 20:02:00,94096501.5
2017-05-30 06:20:00,89269760
2017-05-30 16:38:00,110344810.5
2017-05-31 02:56:00,90665905.5
2017-05-31 13:14:00,91947703.5
2017-05-31 23:32:00,101453969.5
2017-06-01 09:50:00,100012706
2017-06-01 20:08:00,99611749.5
2017-06-02 06:26:00,101709566.5
2017-06-02 16:44:00,95448489
2017-06-03 03:02:00,97017816
2017-06-03 13:20:00,93223301.5
2017-06-03 23:38:00,94763570
2017-06-04 09:56:00,82608683.5
2017-06-04 20:14:00,75573663.5
2017-06-05 06:32:00,66296756
2017-06-05 16:50:00,66783687.5
2017-06-06 03:08:00,66210726
2017-06-06 13:26:00,66284395.5
2017-06-06 23:44:00,78173537.5
2017-06-07 10:02:00,70710966.5
2017-06-07 20:20:00,70539363
2017-06-08 06:38:00,60948887
2017-06-08 16:56:00,57869759
2017-06-09 03:14:00,54326719.5
2017-06-09 13:32:00,56362486
2017-06-09 23:50:00,53696123.5
2017-06-10 10:08:00,52915565.5
2017-06-10 20:26:00,48190508.5
2017-06-11 06:44:00,53998682.5
2017-06-11 17:02:00,46689530.5
2017-06-12 03:20:00,40332216
2017-06-12 13:38:00,45243117
2017-06-12 23:56:00,51591976.5
2017-06-13 10:14:00,51953808.5
2017-06-13 20:32:00,58352280
2017-06-14 06:50:00,57920082.5
2017-06-14 17:08:00,65769762.5
2017-06-15 03:26:00,57264713
2017-06-15 13:44:00,60002132.5
2017-06-16 00:02:00,51414517.5
2017-06-16 10:20:00,41012426
2017-06-16 20:38:00,45227424.5
2017-06-17 06:56:00,41590406
2017-06-17 17:14:00,36587285
2017-06-18 03:32:00,27180133
2017-06-18 13:50:00,24588900.5
2017-06-19 00:08:00,14836498
2017-06-19 10:26:00,12869515.5
2017-06-19 20:44:00,14085633.5
2017-06-20 07:02:00,12072895.5
2017-06-20 17:20:00,21476903
2017-06-21 03:38:00,30204251.5
2017-06-21 13:56:00,27968094
2017-06-22 00:14:00,27534305
2017-06-22 10:32:00,28540071
2017-06-22 20:50:00,29310258
2017-06-23 07:08:00,18783448
2017-06-23 17:26:00,16227287
2017-06-24 03:44:00,13813268.5
2017-06-24 14:02:00,23855611
2017-06-25 00:20:00,13844528
2017-06-25 10:38:00,11627233.5
2017-06-25 20:56:00,15002499.5
2017-06-26 07:14:00,17027398.5
2017-06-26 17:32:00,18075478
2017-06-27 03:50:00,16711273
2017-06-27 14:08:00,18808127
2017-06-28 00:26:00,19674941.5
2017-06-28 10:44:00,13593122
2017-06-28 21:02:00,18074724.5
2017-06-29 07:20:00,15568427.5
2017-06-29 17:38:00,26816459
2017-06-30 03:56:00,25422582.5
2017-06-30 14:14:00,21670803.5
2017-07-01 00:32:00,10191884
2017-07-01 10:50:00,5955140.5
2017-07-01 21:08:00,7930778.0
2017-07-02 07:26:00,5536002.5
2017-07-02 17:44:00,5371344.0
2017-07-03 04:02:00,4744928.0
2017-07-03 14:20:00,3618405.5
2017-07-04 00:38:00,2211635.0
2017-07-04 10:56:00,9722091.5
2017-07-04 21:14:00,15387507.5
2017-07-05 07:32:00,10125418.5
2017-07-05 17:50:00,13211229.5
2017-07-06 04:08:00,29620421.5
2017-07-06 14:26:00,19690562.5
2017-07-07 00:44:00,25127504
2017-07-07 11:02:00,13976818.5
2017-07-07 21:20:00,16027375.5
2017-07-08 07:38:00,6048411.5
2017-07-08 17:56:00,10041735.5
2017-07-09 04:14:00,2847257.0
2017-07-09 14:32:00,3744719.0
2017-07-10 00:50:00,4174841.5
2017-07-10 11:08:00,2357946.0
2017-07-10 21:26:00,26323246.5
2017-07-11 07:44:00,18883567
2017-07-11 18:02:00,14942499.5
2017-07-12 04:20:00,15487924
2017-07-12 14:38:00,3730655.0
2017-07-13 00:56:00,35423721
2017-07-13 11:14:00,25580380
2017-07-13 21:32:00,33875418
2017-07-14 07:50:00,22223362
2017-07-14 18:08:00,37468304
2017-07-15 04:26:00,35483667
2017-07-15 14:44:00,37414458.5
2017-07-16 01:02:00,27700316.5
2017-07-16 11:20:00,24954605.5
2017-07-16 21:38:00,36442236.5
2017-07-17 07:56:00,27712881
2017-07-17 18:14:00,39222819
2017-07-18 04:32:00,29906219.5
2017-07-18 14:50:00,28903855
2017-07-19 01:08:00,37022439
2017-07-19 11:26:00,36341923
2017-07-19 21:44:00,30642840
2017-07-20 08:02:00,25725708
2017-07-20 18:20:00,38152461.5
2017-07-21 04:38:00,38491479
2017-07-21 14:56:00,35619754.5
2017-07-22 01:14:00,30051052
2017-07-22 11:32:00,26191497
2017-07-22 21:50:00,12304182.5
2017-07-23 08:08:00,2046376.0
2017-07-23 18:26:00,15517200.5
2017-07-24 04:44:00,20779683
2017-07-24 15:02:00,1239887.5
2017-07-25 01:20:00,7473112.0
2017-07-25 11:38:00,13961448
2017-07-25 21:56:00,34640017.5
2017-07-26 08:14:00,20429490.5
2017-07-26 18:32:00,24627680.5
2017-07-27 04:50:00,4858082.5
2017-07-27 15:08:00,9181412.0
2017-07-28 01:26:00,1265917.0
2017-07-28 11:44:00,3509393.0
2017-07-28 22:02:00,9678471.0
2017-07-29 08:20:00,743787.5
2017-07-29 18:38:00,8681292.5
2017-07-30 04:56:00,158296.0
2017-07-30 15:14:00,5217867.0
2017-07-31 01:32:00,7465377.5
2017-07-31 11:50:00,1486632.5
2017-07-31 22:08:00,10923277.5
2017-08-01 08:26:00,2471813.5
2017-08-01 18:44:00,8860502.5
2017-08-02 05:02:00,3950771.0
2017-08-02 15:20:00,13538204
2017-08-03 01:38:00,10494252
2017-08-03 11:56:00,6110583.0
2017-08-03 22:14:00,27842934
2017-08-04 08:32:00,24565667
2017-08-04 18:50:00,23164569.5
2017-08-05 05:08:00,14193163.5
2017-08-05 15:26:00,4703254.5
2017-08-06 01:44:00,327112.0
2017-08-06 12:02:00,1322409.0
2017-08-06 22:20:00,2708881.0
2017-08-07 08:38:00,20582233
2017-08-07 18:56:00,36561324
2017-08-08 05:14:00,42178576.5
2017-08-08 15:32:00,31330359.5
2017-08-09 01:50:00,43410747
2017-08-09 12:08:00,35958196.5
2017-08-09 22:26:00,46216319
2017-08-10 08:44:00,43350565
2017-08-10 19:02:00,52290082.5
2017-08-11 05:20:00,49283123.5
2017-08-11 15:38:00,53984784.5
2017-08-12 01:56:00,57749865.5
2017-08-12 12:14:00,6565381.5
2017-08-12 22:32:00,10175647.5
2017-08-13 08:50:00,23096047
2017-08-13 19:08:00,34296452
2017-08-14 05:26:00,23626320
2017-08-14 15:44:00,48352223
2017-08-15 02:02:00,46676905
2017-08-15 12:20:00,43710159.5
2017-08-15 22:38:00,52464111.5
2017-08-16 08:56:00,59869692.5
2017-08-16 19:14:00,69325257
2017-08-17 05:32:00,46472798.5
2017-08-17 15:50:00,51127532
2017-08-18 02:08:00,44468558.5
2017-08-18 12:26:00,50303301.5
2017-08-18 22:44:00,51578003
2017-08-19 09:02:00,40084567
2017-08-19 19:20:00,47918937
2017-08-20 05:38:00,40965618
2017-08-20 15:56:00,39565631
2017-08-21 02:14:00,40408828
2017-08-21 12:32:00,57529921
2017-08-21 22:50:00,73239928
2017-08-22 09:08:00,78938181.5
2017-08-22 19:26:00,99039220
2017-08-23 05:44:00,86752490
2017-08-23 16:02:00,83374385.5
2017-08-24 02:20:00,67672579
2017-08-24 12:38:00,78001851.5
2017-08-24 22:56:00,87338082
2017-08-25 09:14:00,91949535
2017-08-25 19:32:00,103829421.5
2017-08-26 05:50:00,102018656.5
2017-08-26 16:08:00,96672527.5
2017-08-27 02:26:00,85785636
2017-08-27 12:44:00,68992257.5
2017-08-27 23:02:00,66147922
2017-08-28 09:20:00,63923392.5
2017-08-28 19:38:00,70680594.5
2017-08-29 05:56:00,68510600.5
2017-08-29 16:14:00,11766577
2017-08-30 02:32:00,12426330.5
2017-08-30 12:50:00,28575137.5
2017-08-30 23:08:00,33468259
2017-08-31 09:26:00,8264400.5
2017-08-31 19:44:00,22098250
2017-09-01 06:02:00,28116449.5
2017-09-01 16:20:00,26916891
2017-09-02 02:38:00,7473233.0
2017-09-02 12:56:00,14164508
2017-09-02 23:14:00,4393313.5
2017-09-03 09:32:00,5458844.5
2017-09-03 19:50:00,4294431.0
2017-09-04 06:08:00,14624087.5
2017-09-04 16:26:00,10573237.5
2017-09-05 02:44:00,11708279
2017-09-05 13:02:00,4295625.0
2017-09-05 23:20:00,4310770.0
2017-09-06 09:38:00,6510456.0
2017-09-06 19:56:00,8993879.0
2017-09-07 06:14:00,5217738.5
2017-09-07 16:32:00,10801389.5
2017-09-08 02:50:00,9220364.5
2017-09-08 13:08:00,7456462.0
2017-09-08 23:26:00,9411662.0
2017-09-09 09:44:00,5709625.0
2017-09-09 20:02:00,5359735.5
2017-09-10 06:20:00,6436505.5
2017-09-10 16:38:00,7473783.0
2017-09-11 02:56:00,4352340.5
2017-09-11 13:14:00,4120205.5
2017-09-11 23:32:00,10314200.5
2017-09-12 09:50:00,6626580.5
2017-09-12 20:08:00,4043418.0
2017-09-13 06:26:00,4849567.5
2017-09-13 16:44:00,5156474.0
2017-09-14 03:02:00,4798336.0
2017-09-14 13:20:00,12063822
2017-09-14 23:38:00,9837214.5
2017-09-15 09:56:00,2836762.6666666665
2017-09-15 20:14:00,10513764.5
2017-09-16 06:32:00,3345225.5
2017-09-16 16:50:00,4800884.5
2017-09-17 03:08:00,3815256.5
2017-09-17 13:26:00,5016424.0
2017-09-17 23:44:00,3894529.5
2017-09-18 10:02:00,16444569.5
2017-09-18 20:20:00,24138310.5
2017-09-19 06:38:00,9124309.0
2017-09-19 16:56:00,14741898.5
2017-09-20 03:14:00,5829398.5
2017-09-20 13:32:00,15863446
2017-09-20 23:50:00,6068735.5
2017-09-21 10:08:00,4304708.5
2017-09-21 20:26:00,5662804.0
2017-09-22 06:44:00,5040686.0
2017-09-22 17:02:00,8871586.5
2017-09-23 03:20:00,5344007.5
2017-09-23 13:38:00,5562647.0
2017-09-23 23:56:00,4190125.5
2017-09-24 10:14:00,3931180.5
2017-09-24 20:32:00,4359867.0
2017-09-25 06:50:00,4508242.5
2017-09-25 17:08:00,16884572
2017-09-26 03:26:00,11799415
2017-09-26 13:44:00,8563073.5
2017-09-27 00:02:00,4223569.0
2017-09-27 10:20:00,7052345.5
2017-09-27 20:38:00,10051469
2017-09-28 06:56:00,4503436.0
2017-09-28 17:14:00,14423265.5
2017-09-29 03:32:00,12794841
2017-09-29 13:50:00,5246124.0
2017-09-30 00:08:00,2586104.5
2017-09-30 10:26:00,5865194.0
2017-09-30 20:44:00,13044141.5
2017-10-01 07:02:00,6214239.5
2017-10-01 17:20:00,15680289.5
2017-10-02 03:38:00,16509790.5
2017-10-02 13:56:00,15046781.5
2017-10-03 00:14:00,26529656.5
2017-10-03 10:32:00,4827926.5
2017-10-03 20:50:00,13558820.5
2017-10-04 07:08:00,5041998.5
2017-10-04 17:26:00,14587430
2017-10-05 03:44:00,11240877.5
2017-10-05 14:02:00,12601190.5
2017-10-06 00:20:00,13671783.5
2017-10-06 10:38:00,9152686.5
2017-10-06 20:56:00,8782805.0
2017-10-07 07:14:00,5722049.5
2017-10-07 17:32:00,17026658.5
2017-10-08 03:50:00,4554955.5
2017-10-08 14:08:00,8125692.5
2017-10-09 00:26:00,4530670.0
2017-10-09 10:44:00,6111253.5
2017-10-09 21:02:00,18611150
2017-10-10 07:20:00,4805129.0
2017-10-10 17:38:00,15922286
2017-10-11 03:56:00,8894399.0
2017-10-11 14:14:00,18662027
2017-10-12 00:32:00,668403.0
2017-10-12 10:50:00,8117328.5
2017-10-12 21:08:00,26671106.5
2017-10-13 07:26:00,39945432.5
2017-10-13 17:44:00,56609155.5
2017-10-14 04:02:00,36298691.5
2017-10-14 14:20:00,26693559.5
2017-10-15 00:38:00,29761754
2017-10-15 10:56:00,13482450.5
2017-10-15 21:14:00,4150648.0
2017-10-16 07:32:00,14550901
2017-10-16 17:50:00,19356200.5
2017-10-17 04:08:00,7769690.0
2017-10-17 14:26:00,9959517.5
2017-10-18 00:44:00,12484770
2017-10-18 11:02:00,8799686.5
2017-10-18 21:20:00,28854627.5
2017-10-19 07:38:00,18568849
2017-10-19 17:56:00,27058295.5
2017-10-20 04:14:00,20856138
2017-10-20 14:32:00,21428903
2017-10-21 00:50:00,36635760.5
2017-10-21 11:08:00,35147514
2017-10-21 21:26:00,52823937
2017-10-22 07:44:00,29484136
2017-10-22 18:02:00,39308975
2017-10-23 04:20:00,30197707.5
2017-10-23 14:38:00,43385934
2017-10-24 00:56:00,46218539.5
2017-10-24 11:14:00,39771233
2017-10-24 21:32:00,47498675
2017-10-25 07:50:00,33818672.5
2017-10-25 18:08:00,450.0
2017-10-26 04:26:00,970.0
2017-10-26 14:44:00,194120.0
2017-10-27 01:02:00,20728991.5
2017-10-27 11:20:00,29956843.5
2017-10-27 21:38:00,39938783
2017-10-28 07:56:00,34958294.5
2017-10-28 18:14:00,48886381.5
2017-10-29 04:32:00,33367836
2017-10-29 14:50:00,20040144.5
2017-10-30 01:08:00,24341544
2017-10-30 11:26:00,23270050
2017-10-30 21:44:00,24019551.5
2017-10-31 08:02:00,7265378.0
2017-10-31 18:20:00,35254527.5
2017-11-01 04:38:00,43747239.5
2017-11-01 14:56:00,48916924.5
2017-11-02 01:14:00,43057425.5
2017-11-02 11:32:00,43733321
2017-11-02 21:50:00,49394812.5
2017-11-03 08:08:00,51654374
2017-11-03 18:26:00,68818468
2017-11-04 04:44:00,70499897
2017-11-04 15:02:00,62988170.5
2017-11-05 01:20:00,46016114.5
2017-11-05 11:38:00,43010920.5
2017-11-05 21:56:00,45864409
2017-11-06 08:14:00,32571550
2017-11-06 18:32:00,52522830
2017-11-07 04:50:00,53118467.5
2017-11-07 15:08:00,45475225
2017-11-08 01:26:00,42770512
2017-11-08 11:44:00,44841457.5
2017-11-08 22:02:00,67226828.5
2017-11-09 08:20:00,64875407.5
2017-11-09 18:38:00,61142838
2017-11-10 04:56:00,68832417
2017-11-10 15:14:00,77815084
2017-11-11 01:32:00,97240955
2017-11-11 11:50:00,100725541
2017-11-11 22:08:00,113318098
2017-11-12 08:26:00,118305340
2017-11-12 18:44:00,93609578
2017-11-13 05:02:00,84957948
2017-11-13 15:20:00,106480840
2017-11-14 01:38:00,110388711
2017-11-14 11:56:00,101632310.5
2017-11-14 22:14:00,106596088
2017-11-15 08:32:00,94911059
2017-11-15 18:50:00,107993309
2017-11-16 05:08:00,95550422
2017-11-16 15:26:00,97473763.5
2017-11-17 01:44:00,97182227.5
2017-11-17 12:02:00,89501339
2017-11-17 22:20:00,96704616
2017-11-18 08:38:00,96120642.5
2017-11-18 18:56:00,90319161.5
2017-11-19 05:14:00,67434133
2017-11-19 15:32:00,65720494
2017-11-20 01:50:00,60259236
2017-11-20 12:08:00,66228919.5
2017-11-20 22:26:00,63863716.5
2017-11-21 08:44:00,68295162.5
2017-11-21 19:02:00,76030586.5
2017-11-22 05:20:00,59455612.5
2017-11-22 15:38:00,66646741.5
2017-11-23 01:56:00,73975941.5
2017-11-23 12:14:00,67459113.5
2017-11-23 22:32:00,69454657.5
2017-11-24 08:50:00,64071143
2017-11-24 19:08:00,72006729.5
2017-11-25 05:26:00,67176486
2017-11-25 15:44:00,59007232
2017-11-26 02:02:00,59549014.5
2017-11-26 12:20:00,56422560
2017-11-26 22:38:00,66761337.5
2017-11-27 08:56:00,62151903.5
2017-11-27 19:14:00,58210549.5
2017-11-28 05:32:00,66971689
2017-11-28 15:50:00,82282935
2017-11-29 02:08:00,86167622.5
2017-11-29 12:26:00,86923831.5
2017-11-29 22:44:00,108755484.5
2017-11-30 09:02:00,101919455
2017-11-30 19:20:00,112238871
2017-12-01 05:38:00,97179989.5
2017-12-01 15:56:00,99871291.5
2017-12-02 02:14:00,88233682.5
2017-12-02 12:32:00,90709737.5
2017-12-02 22:50:00,86032456
2017-12-03 09:08:00,80071073
2017-12-03 19:26:00,90780620.5
2017-12-04 05:44:00,69955169.5
2017-12-04 16:02:00,88934371.5
2017-12-05 02:20:00,85681202.5
2017-12-05 12:38:00,81496637.5
2017-12-05 22:56:00,92000203
2017-12-06 09:14:00,89308738.5
2017-12-06 19:32:00,112363763.5
2017-12-07 05:50:00,116358664.5
2017-12-07 16:08:00,48486635
2017-12-08 02:26:00,87213083
2017-12-08 12:44:00,87197246
2017-12-08 23:02:00,83224496
2017-12-09 09:20:00,73812939.5
2017-12-09 19:38:00,76110754.5
2017-12-10 05:56:00,60211872
2017-12-10 16:14:00,80257149.5
2017-12-11 02:32:00,104179703.5
2017-12-11 12:50:00,126095919
2017-12-11 23:08:00,122545959.5
2017-12-12 09:26:00,122514176
2017-12-12 19:44:00,114675509
2017-12-13 06:02:00,111490138.5
2017-12-13 16:20:00,116596677
2017-12-14 02:38:00,117793523.5
2017-12-14 12:56:00,114532925.5
2017-12-14 23:14:00,107714421.5
2017-12-15 09:32:00,109451133
2017-12-15 19:50:00,107363593.5
2017-12-16 06:08:00,99225813.5
2017-12-16 16:26:00,107657510.5
2017-12-17 02:44:00,105727806.5
2017-12-17 13:02:00,115820379
2017-12-17 23:20:00,118291892.33333333
2017-12-18 09:38:00,109220921.5
2017-12-18 19:56:00,107067581
2017-12-19 06:14:00,108736002.5
2017-12-19 16:32:00,107104731.5
2017-12-20 02:50:00,103026465
2017-12-20 13:08:00,108191752
2017-12-20 23:26:00,108118383
2017-12-21 09:44:00,110009770.5
2017-12-21 20:02:00,102789165.5
2017-12-22 06:20:00,99346265
2017-12-22 16:38:00,96944183
2017-12-23 02:56:00,116521277
2017-12-23 13:14:00,111785285.5
2017-12-23 23:32:00,122485584
2017-12-24 09:50:00,120836547
2017-12-24 20:08:00,117697976
2017-12-25 06:26:00,121538791.5
2017-12-25 16:44:00,121861479.5
2017-12-26 03:02:00,119947209
2017-12-26 13:20:00,115336187
2017-12-26 23:38:00,112450142
2017-12-27 09:56:00,112879025.5
2017-12-27 20:14:00,110425907.5
2017-12-28 06:32:00,111581367
2017-12-28 16:50:00,109870981
2017-12-29 03:08:00,113634210
2017-12-29 13:26:00,111536104.5
2017-12-29 23:44:00,111614433.5
2017-12-30 10:02:00,109823060.5
2017-12-30 20:20:00,112805043
2017-12-31 06:38:00,87986701
2017-12-31 16:56:00,116233055
2018-01-01 03:14:00,104565613
2018-01-01 13:32:00,115840914.5
2018-01-01 23:50:00,125951360
2018-01-02 10:08:00,119822783.5
2018-01-02 20:26:00,117059166
2018-01-03 06:44:00,119105963.5
2018-01-03 17:02:00,111274904.5
2018-01-04 03:20:00,118308881.5
2018-01-04 13:38:00,115988921
2018-01-04 23:56:00,114755579.5
2018-01-05 10:14:00,112188980.5
2018-01-05 20:32:00,106320162
2018-01-06 06:50:00,102380235
2018-01-06 17:08:00,107970602
2018-01-07 03:26:00,104917517
2018-01-07 13:44:00,110518414
2018-01-08 00:02:00,107184471.5
2018-01-08 10:20:00,109615727
2018-01-08 20:38:00,121232976.5
2018-01-09 06:56:00,130829497
2018-01-09 17:14:00,132628521
2018-01-10 03:32:00,135563590.5
2018-01-10 13:50:00,137728777
2018-01-11 00:08:00,130441960.5
2018-01-11 10:26:00,136689262.5
2018-01-11 20:44:00,135497898
2018-01-12 07:02:00,133827932.5
2018-01-12 17:20:00,132510912
2018-01-13 03:38:00,132881685.5
2018-01-13 13:56:00,126541247
2018-01-14 00:14:00,131341077.5
2018-01-14 10:32:00,121217963
2018-01-14 20:50:00,123006058
2018-01-15 07:08:00,121341313.5
2018-01-15 17:26:00,123346436.5
2018-01-16 03:44:00,21508630.5
2018-01-16 14:02:00,71045566
2018-01-17 00:20:00,112374851
2018-01-17 10:38:00,116812304
2018-01-17 20:56:00,127473403.5
2018-01-18 07:14:00,107708611.5
2018-01-18 17:32:00,114266777.5
2018-01-19 03:50:00,115762236
2018-01-19 14:08:00,114028650
2018-01-20 00:26:00,95375371.5
2018-01-20 10:44:00,95550567.5
2018-01-20 21:02:00,109452866
2018-01-21 07:20:00,102298831.5
2018-01-21 17:38:00,113623959.5
2018-01-22 03:56:00,126842906.5
2018-01-22 14:18:00,132787205.5
2018-01-23 00:36:00,117467329
2018-01-23 10:54:00,118320956
2018-01-23 21:12:00,135319530
2018-01-24 07:30:00,109193132
2018-01-24 17:48:00,119958487
2018-01-25 04:06:00,119556715.5
2018-01-25 14:24:00,113799201.5
2018-01-26 00:42:00,107540894
2018-01-26 11:00:00,99335837.5
2018-01-26 21:18:00,95256305
2018-01-27 07:36:00,74315258
2018-01-27 17:54:00,87712448
2018-01-28 04:12:00,76372289
