2011-11-29 00:00:00,2.0
2011-11-30 00:00:00,8.0
2011-12-01 00:00:00,13.0
2011-12-02 00:00:00,22.0
2011-12-03 00:00:00,23.0
2011-12-04 00:00:00,28.0
2011-12-05 00:00:00,28.0
2011-12-06 00:00:00,38.0
2011-12-07 00:00:00,58.0
2011-12-08 00:00:00,60.0
2011-12-09 00:00:00,80.0
2011-12-10 00:00:00,95.0
2011-12-11 00:00:00,112.0
2011-12-12 00:00:00,118.0
2011-12-13 00:00:00,127.0
2011-12-14 00:00:00,153.0
2011-12-15 00:00:00,185.0
2011-12-16 00:00:00,205.0
2011-12-17 00:00:00,213.0
2011-12-18 00:00:00,222.0
2011-12-19 00:00:00,229.0
2011-12-20 00:00:00,242.0
2011-12-21 00:00:00,265.0
2011-12-22 00:00:00,291.0
2011-12-23 00:00:00,318.0
2011-12-24 00:00:00,329.0
2011-12-25 00:00:00,337.0
2011-12-26 00:00:00,352.0
2011-12-27 00:00:00,369.0
2011-12-28 00:00:00,382.0
2011-12-29 00:00:00,400.0
2011-12-30 00:00:00,406.0
2011-12-31 00:00:00,406.0
2012-01-01 00:00:00,412.0
2012-01-02 00:00:00,420.0
2012-01-03 00:00:00,431.0
2012-01-04 00:00:00,451.0
2012-01-05 00:00:00,483.0
2012-01-06 00:00:00,497.0
2012-01-07 00:00:00,517.0
2012-01-08 00:00:00,556.0
2012-01-09 00:00:00,603.0
2012-01-10 00:00:00,635.0
2012-01-11 00:00:00,672.0
2012-01-12 00:00:00,710.0
2012-01-13 00:00:00,740.0
2012-01-14 00:00:00,758.0
2012-01-15 00:00:00,785.0
2012-01-16 00:00:00,836.0
2012-01-17 00:00:00,884.0
2012-01-18 00:00:00,926.0
2012-01-19 00:00:00,962.0
2012-01-20 00:00:00,991.0
2012-01-21 00:00:00,1029.0
2012-01-22 00:00:00,1071.0
2012-01-23 00:00:00,1111.0
2012-01-24 00:00:00,1163.0
2012-01-25 00:00:00,1169.0
2012-01-26 00:00:00,1184.0
2012-01-27 00:00:00,1217.0
2012-01-28 00:00:00,1242.0
2012-01-29 00:00:00,1268.0
2012-01-30 00:00:00,1294.0
2012-01-31 00:00:00,1329.0
2012-02-01 00:00:00,1364.0
2012-02-02 00:00:00,1392.0
2012-02-03 00:00:00,1425.0
2012-02-04 00:00:00,1463.0
2012-02-05 00:00:00,1514.0
2012-02-06 00:00:00,1551.0
2012-02-07 00:00:00,1587.0
2012-02-08 00:00:00,1626.0
2012-02-09 00:00:00,1666.0
2012-02-10 00:00:00,1713.0
2012-02-11 00:00:00,1745.0
2012-02-12 00:00:00,1772.0
2012-02-13 00:00:00,1815.0
2012-02-14 00:00:00,1845.0
2012-02-15 00:00:00,1861.0
2012-02-16 00:00:00,1894.0
2012-02-17 00:00:00,1943.0
2012-02-18 00:00:00,1967.0
2012-02-19 00:00:00,2003.0
2012-02-20 00:00:00,2043.0
2012-02-21 00:00:00,2078.0
2012-02-22 00:00:00,2108.0
2012-02-23 00:00:00,2139.0
2012-02-24 00:00:00,2159.0
2012-02-25 00:00:00,2159.0
2012-02-26 00:00:00,2170.0
2012-02-27 00:00:00,2213.0
2012-02-28 00:00:00,2253.0
2012-02-29 00:00:00,2282.0
2012-03-01 00:00:00,2314.0
2012-03-02 00:00:00,2356.0
2012-03-03 00:00:00,2409.0
2012-03-04 00:00:00,2435.0
2012-03-05 00:00:00,2480.0
2012-03-06 00:00:00,2537.0
2012-03-07 00:00:00,2567.0
2012-03-08 00:00:00,2614.0
2012-03-09 00:00:00,2665.0
2012-03-10 00:00:00,2692.0
2012-03-11 00:00:00,2728.0
2012-03-12 00:00:00,2758.0
2012-03-13 00:00:00,2794.0
2012-03-14 00:00:00,2825.0
2012-03-15 00:00:00,2861.0
2012-03-16 00:00:00,2893.0
2012-03-17 00:00:00,2935.0
2012-03-18 00:00:00,2968.0
2012-03-19 00:00:00,2997.0
2012-03-20 00:00:00,3041.0
2012-03-21 00:00:00,3076.0
2012-03-22 00:00:00,3117.0
2012-03-23 00:00:00,3148.0
2012-03-24 00:00:00,3186.0
2012-03-25 00:00:00,3219.0
2012-03-26 00:00:00,3257.0
2012-03-27 00:00:00,3329.0
2012-03-28 00:00:00,3415.0
2012-03-29 00:00:00,3493.0
2012-03-30 00:00:00,3558.0
2012-03-31 00:00:00,3590.0
2012-04-01 00:00:00,3636.0
2012-04-02 00:00:00,3708.0
2012-04-03 00:00:00,3772.0
2012-04-04 00:00:00,3815.0
2012-04-05 00:00:00,3872.0
2012-04-06 00:00:00,3967.0
2012-04-07 00:00:00,4039.0
2012-04-08 00:00:00,4113.0
2012-04-09 00:00:00,4168.0
2012-04-10 00:00:00,4234.0
2012-04-11 00:00:00,4294.0
2012-04-12 00:00:00,4348.0
2012-04-13 00:00:00,4408.0
2012-04-14 00:00:00,4453.0
2012-04-15 00:00:00,4511.0
2012-04-16 00:00:00,4559.0
2012-04-17 00:00:00,4611.0
2012-04-18 00:00:00,4690.0
2012-04-19 00:00:00,4741.0
2012-04-20 00:00:00,4795.0
2012-04-21 00:00:00,4857.0
2012-04-22 00:00:00,4966.0
2012-04-23 00:00:00,5046.0
2012-04-24 00:00:00,5139.0
2012-04-25 00:00:00,5211.0
2012-04-26 00:00:00,5364.0
2012-04-27 00:00:00,5566.0
2012-04-28 00:00:00,5679.0
2012-04-29 00:00:00,5767.0
2012-04-30 00:00:00,5798.0
2012-05-01 00:00:00,5798.0
2012-05-02 00:00:00,5816.0
2012-05-03 00:00:00,5897.0
2012-05-04 00:00:00,5993.0
2012-05-05 00:00:00,6053.0
2012-05-06 00:00:00,6127.0
2012-05-07 00:00:00,6220.0
2012-05-08 00:00:00,6309.0
2012-05-09 00:00:00,6392.0
2012-05-10 00:00:00,6476.0
2012-05-11 00:00:00,6552.0
2012-05-12 00:00:00,6612.0
2012-05-13 00:00:00,6683.0
2012-05-14 00:00:00,6754.0
2012-05-15 00:00:00,6827.0
2012-05-16 00:00:00,6912.0
2012-05-17 00:00:00,6984.0
2012-05-18 00:00:00,7067.0
2012-05-19 00:00:00,7122.0
2012-05-20 00:00:00,7202.0
2012-05-21 00:00:00,7296.0
2012-05-22 00:00:00,7370.0
2012-05-23 00:00:00,7409.0
2012-05-24 00:00:00,7489.0
2012-05-25 00:00:00,7571.0
2012-05-26 00:00:00,7644.0
2012-05-27 00:00:00,7697.0
2012-05-28 00:00:00,7774.0
2012-05-29 00:00:00,7857.0
2012-05-30 00:00:00,7969.0
2012-05-31 00:00:00,8039.0
2012-06-01 00:00:00,8121.0
2012-06-02 00:00:00,8178.0
2012-06-03 00:00:00,8266.0
2012-06-04 00:00:00,8346.0
2012-06-05 00:00:00,8431.0
2012-06-06 00:00:00,8497.0
2012-06-07 00:00:00,8574.0
2012-06-08 00:00:00,8666.0
2012-06-09 00:00:00,8773.0
2012-06-10 00:00:00,8862.0
2012-06-11 00:00:00,8946.0
2012-06-12 00:00:00,9046.0
2012-06-13 00:00:00,9160.0
2012-06-14 00:00:00,9257.0
2012-06-15 00:00:00,9370.0
2012-06-16 00:00:00,9464.0
2012-06-17 00:00:00,9541.0
2012-06-18 00:00:00,9665.0
2012-06-19 00:00:00,9748.0
2012-06-20 00:00:00,9868.0
2012-06-21 00:00:00,9963.0
2012-06-22 00:00:00,10072.0
2012-06-23 00:00:00,10172.0
2012-06-24 00:00:00,10250.0
2012-06-25 00:00:00,10358.0
2012-06-26 00:00:00,10473.0
2012-06-27 00:00:00,10600.0
2012-06-28 00:00:00,10725.0
2012-06-29 00:00:00,10826.0
2012-06-30 00:00:00,10910.0
2012-07-01 00:00:00,11015.0
2012-07-02 00:00:00,11098.0
2012-07-03 00:00:00,11216.0
2012-07-04 00:00:00,11347.0
2012-07-05 00:00:00,11454.0
2012-07-06 00:00:00,11572.0
2012-07-07 00:00:00,11698.0
2012-07-08 00:00:00,11806.0
2012-07-09 00:00:00,11955.0
2012-07-10 00:00:00,12108.0
2012-07-11 00:00:00,12257.0
2012-07-12 00:00:00,12415.0
2012-07-13 00:00:00,12591.0
2012-07-14 00:00:00,12748.0
2012-07-15 00:00:00,12878.0
2012-07-16 00:00:00,13024.0
2012-07-17 00:00:00,13203.0
2012-07-18 00:00:00,13403.0
2012-07-19 00:00:00,13586.0
2012-07-20 00:00:00,13780.0
2012-07-21 00:00:00,13949.0
2012-07-22 00:00:00,14063.0
2012-07-23 00:00:00,14183.0
2012-07-24 00:00:00,14337.0
2012-07-25 00:00:00,14475.0
2012-07-26 00:00:00,14609.0
2012-07-27 00:00:00,14724.0
2012-07-28 00:00:00,14828.0
2012-07-29 00:00:00,14927.0
2012-07-30 00:00:00,15050.0
2012-07-31 00:00:00,15197.0
2012-08-01 00:00:00,15340.0
2012-08-02 00:00:00,15459.0
2012-08-03 00:00:00,15603.0
2012-08-04 00:00:00,15728.0
2012-08-05 00:00:00,15852.0
2012-08-06 00:00:00,16003.0
2012-08-07 00:00:00,16174.0
2012-08-08 00:00:00,16320.0
2012-08-09 00:00:00,16475.0
2012-08-10 00:00:00,16625.0
2012-08-11 00:00:00,16744.0
2012-08-12 00:00:00,16878.0
2012-08-13 00:00:00,17036.0
2012-08-14 00:00:00,17217.0
2012-08-15 00:00:00,17440.0
2012-08-16 00:00:00,17674.0
2012-08-17 00:00:00,17883.0
2012-08-18 00:00:00,18058.0
2012-08-19 00:00:00,18211.0
2012-08-20 00:00:00,18405.0
2012-08-21 00:00:00,18642.0
2012-08-22 00:00:00,18863.0
2012-08-23 00:00:00,19093.0
2012-08-24 00:00:00,19301.0
2012-08-25 00:00:00,19477.0
2012-08-26 00:00:00,19669.0
2012-08-27 00:00:00,19855.0
2012-08-28 00:00:00,20032.0
2012-08-29 00:00:00,20245.0
2012-08-30 00:00:00,20430.0
2012-08-31 00:00:00,20614.0
2012-09-01 00:00:00,20792.0
2012-09-02 00:00:00,20938.0
2012-09-03 00:00:00,21134.0
2012-09-04 00:00:00,21335.0
2012-09-05 00:00:00,21526.0
2012-09-06 00:00:00,21778.0
2012-09-07 00:00:00,21987.0
2012-09-08 00:00:00,22176.0
2012-09-09 00:00:00,22353.0
2012-09-10 00:00:00,22570.0
2012-09-11 00:00:00,22766.0
2012-09-12 00:00:00,23015.0
2012-09-13 00:00:00,23227.0
2012-09-14 00:00:00,23432.0
2012-09-15 00:00:00,23630.0
2012-09-16 00:00:00,23842.0
2012-09-17 00:00:00,24071.0
2012-09-18 00:00:00,24310.0
2012-09-19 00:00:00,24596.0
2012-09-20 00:00:00,24866.0
2012-09-21 00:00:00,25063.0
2012-09-22 00:00:00,25257.0
2012-09-23 00:00:00,25464.0
2012-09-24 00:00:00,25702.0
2012-09-25 00:00:00,25986.0
2012-09-26 00:00:00,26265.0
2012-09-27 00:00:00,26538.0
2012-09-28 00:00:00,26842.0
2012-09-29 00:00:00,27123.0
2012-09-30 00:00:00,27400.0
2012-10-01 00:00:00,27727.0
2012-10-02 00:00:00,28121.0
2012-10-03 00:00:00,28480.0
2012-10-04 00:00:00,28812.0
2012-10-05 00:00:00,29106.0
2012-10-06 00:00:00,29356.0
2012-10-07 00:00:00,29609.0
2012-10-08 00:00:00,29928.0
2012-10-09 00:00:00,30263.0
2012-10-10 00:00:00,30585.0
2012-10-11 00:00:00,30926.0
2012-10-12 00:00:00,31268.0
2012-10-13 00:00:00,31537.0
2012-10-14 00:00:00,31837.0
2012-10-15 00:00:00,32152.0
2012-10-16 00:00:00,32425.0
2012-10-17 00:00:00,32750.0
2012-10-18 00:00:00,33083.0
2012-10-19 00:00:00,33375.0
2012-10-20 00:00:00,33651.0
2012-10-21 00:00:00,33923.0
2012-10-22 00:00:00,34211.0
2012-10-23 00:00:00,34567.0
2012-10-24 00:00:00,34857.0
2012-10-25 00:00:00,35121.0
2012-10-26 00:00:00,35384.0
2012-10-27 00:00:00,35650.0
2012-10-28 00:00:00,35907.0
2012-10-29 00:00:00,36152.0
2012-10-30 00:00:00,36435.0
2012-10-31 00:00:00,36707.0
2012-11-01 00:00:00,36986.0
2012-11-02 00:00:00,37221.0
2012-11-03 00:00:00,37402.0
2012-11-04 00:00:00,37670.0
2012-11-05 00:00:00,37913.0
2012-11-06 00:00:00,38182.0
2012-11-07 00:00:00,38461.0
2012-11-08 00:00:00,38724.0
2012-11-09 00:00:00,39033.0
2012-11-10 00:00:00,39270.0
2012-11-11 00:00:00,39516.0
2012-11-12 00:00:00,39759.0
2012-11-13 00:00:00,40018.0
2012-11-14 00:00:00,40324.0
2012-11-15 00:00:00,40615.0
2012-11-16 00:00:00,40958.0
2012-11-17 00:00:00,41301.0
2012-11-18 00:00:00,41639.0
2012-11-19 00:00:00,42017.0
2012-11-20 00:00:00,42435.0
2012-11-21 00:00:00,42831.0
2012-11-22 00:00:00,43199.0
2012-11-23 00:00:00,43500.0
2012-11-24 00:00:00,43761.0
2012-11-25 00:00:00,44089.0
2012-11-26 00:00:00,44421.0
2012-11-27 00:00:00,44808.0
2012-11-28 00:00:00,45223.0
2012-11-29 00:00:00,45698.0
2012-11-30 00:00:00,46109.0
2012-12-01 00:00:00,46429.0
2012-12-02 00:00:00,46813.0
2012-12-03 00:00:00,47184.0
2012-12-04 00:00:00,47612.0
2012-12-05 00:00:00,47988.0
2012-12-06 00:00:00,48336.0
2012-12-07 00:00:00,48720.0
2012-12-08 00:00:00,49068.0
2012-12-09 00:00:00,49364.0
2012-12-10 00:00:00,50056.0
2012-12-11 00:00:00,53179.0
2012-12-12 00:00:00,55906.0
2012-12-13 00:00:00,58142.0
2012-12-14 00:00:00,60270.0
2012-12-15 00:00:00,62038.0
2012-12-16 00:00:00,63254.0
2012-12-17 00:00:00,64693.0
2012-12-18 00:00:00,65840.0
2012-12-19 00:00:00,66978.0
2012-12-20 00:00:00,67838.0
2012-12-21 00:00:00,68657.0
2012-12-22 00:00:00,69660.0
2012-12-23 00:00:00,70669.0
2012-12-24 00:00:00,71688.0
2012-12-25 00:00:00,72414.0
2012-12-26 00:00:00,73096.0
2012-12-27 00:00:00,73919.0
2012-12-28 00:00:00,74807.0
2012-12-29 00:00:00,75685.0
2012-12-30 00:00:00,76563.0
2012-12-31 00:00:00,77232.0
2013-01-01 00:00:00,77841.0
2013-01-02 00:00:00,78671.0
2013-01-03 00:00:00,79328.0
2013-01-04 00:00:00,80035.0
2013-01-05 00:00:00,80581.0
2013-01-06 00:00:00,81304.0
2013-01-07 00:00:00,82264.0
2013-01-08 00:00:00,83175.0
2013-01-09 00:00:00,85046.0
2013-01-10 00:00:00,86754.0
2013-01-11 00:00:00,88104.0
2013-01-12 00:00:00,89315.0
2013-01-13 00:00:00,90370.0
2013-01-14 00:00:00,91358.0
2013-01-15 00:00:00,92287.0
2013-01-16 00:00:00,93134.0
2013-01-17 00:00:00,93966.0
2013-01-18 00:00:00,94797.0
2013-01-19 00:00:00,95662.0
2013-01-20 00:00:00,96434.0
2013-01-21 00:00:00,97204.0
2013-01-22 00:00:00,97978.0
2013-01-23 00:00:00,98690.0
2013-01-24 00:00:00,99409.0
2013-01-25 00:00:00,100137.0
2013-01-26 00:00:00,100846.0
2013-01-27 00:00:00,101624.0
2013-01-28 00:00:00,102401.0
2013-01-29 00:00:00,103131.0
2013-01-30 00:00:00,103901.0
2013-01-31 00:00:00,104616.0
2013-02-01 00:00:00,105386.0
2013-02-02 00:00:00,106166.0
2013-02-03 00:00:00,106934.0
2013-02-04 00:00:00,107601.0
2013-02-05 00:00:00,108332.0
2013-02-06 00:00:00,108911.0
2013-02-07 00:00:00,109733.0
2013-02-08 00:00:00,110457.0
2013-02-09 00:00:00,111151.0
2013-02-10 00:00:00,111857.0
2013-02-11 00:00:00,112616.0
2013-02-12 00:00:00,113372.0
2013-02-13 00:00:00,114095.0
2013-02-14 00:00:00,114874.0
2013-02-15 00:00:00,115694.0
2013-02-16 00:00:00,116575.0
2013-02-17 00:00:00,117423.0
2013-02-18 00:00:00,118419.0
2013-02-19 00:00:00,119379.0
2013-02-20 00:00:00,120283.0
2013-02-21 00:00:00,121141.0
2013-02-22 00:00:00,122017.0
2013-02-23 00:00:00,122845.0
2013-02-24 00:00:00,123763.0
2013-02-25 00:00:00,124685.0
2013-02-26 00:00:00,125534.0
2013-02-27 00:00:00,126468.0
2013-02-28 00:00:00,127323.0
2013-03-01 00:00:00,128295.0
2013-03-02 00:00:00,129129.0
2013-03-03 00:00:00,129904.0
2013-03-04 00:00:00,130804.0
2013-03-05 00:00:00,131891.0
2013-03-06 00:00:00,133101.0
2013-03-07 00:00:00,134344.0
2013-03-08 00:00:00,134908.0
2013-03-09 00:00:00,135956.0
2013-03-10 00:00:00,137064.0
2013-03-11 00:00:00,138195.0
2013-03-12 00:00:00,139373.0
2013-03-13 00:00:00,140235.0
2013-03-14 00:00:00,141235.0
2013-03-15 00:00:00,142158.0
2013-03-16 00:00:00,142930.0
2013-03-17 00:00:00,143822.0
2013-03-18 00:00:00,144807.0
2013-03-19 00:00:00,145918.0
2013-03-20 00:00:00,147332.0
2013-03-21 00:00:00,148934.0
2013-03-22 00:00:00,150484.0
2013-03-23 00:00:00,151985.0
2013-03-24 00:00:00,153442.0
2013-03-25 00:00:00,155040.0
2013-03-26 00:00:00,156702.0
2013-03-27 00:00:00,158841.0
2013-03-28 00:00:00,161197.0
2013-03-29 00:00:00,163619.0
2013-03-30 00:00:00,165764.0
2013-03-31 00:00:00,167617.0
2013-04-01 00:00:00,169896.0
2013-04-02 00:00:00,172965.0
2013-04-03 00:00:00,176862.0
2013-04-04 00:00:00,180768.0
2013-04-05 00:00:00,183747.0
2013-04-06 00:00:00,186328.0
2013-04-07 00:00:00,189100.0
2013-04-08 00:00:00,193799.0
2013-04-09 00:00:00,197846.0
2013-04-10 00:00:00,203419.0
2013-04-11 00:00:00,208598.0
2013-04-12 00:00:00,212774.0
2013-04-13 00:00:00,215661.0
2013-04-14 00:00:00,218263.0
2013-04-15 00:00:00,220869.0
2013-04-16 00:00:00,223363.0
2013-04-17 00:00:00,225727.0
2013-04-18 00:00:00,226475.0
2013-04-19 00:00:00,228489.0
2013-04-20 00:00:00,230333.0
2013-04-21 00:00:00,232115.0
2013-04-22 00:00:00,233959.0
2013-04-23 00:00:00,235602.0
2013-04-24 00:00:00,237368.0
2013-04-25 00:00:00,239046.0
2013-04-26 00:00:00,240714.0
2013-04-27 00:00:00,242215.0
2013-04-28 00:00:00,243762.0
2013-04-29 00:00:00,245294.0
2013-04-30 00:00:00,246826.0
2013-05-01 00:00:00,248307.0
2013-05-02 00:00:00,249957.0
2013-05-03 00:00:00,251776.0
2013-05-04 00:00:00,253614.0
2013-05-05 00:00:00,255348.0
2013-05-06 00:00:00,257232.0
2013-05-07 00:00:00,258958.0
2013-05-08 00:00:00,260728.0
2013-05-09 00:00:00,262339.0
2013-05-10 00:00:00,263783.0
2013-05-11 00:00:00,265186.0
2013-05-12 00:00:00,266765.0
2013-05-13 00:00:00,268371.0
2013-05-14 00:00:00,269829.0
2013-05-15 00:00:00,271342.0
2013-05-16 00:00:00,272722.0
2013-05-17 00:00:00,274062.0
2013-05-18 00:00:00,275525.0
2013-05-19 00:00:00,277091.0
2013-05-20 00:00:00,278632.0
2013-05-21 00:00:00,280219.0
2013-05-22 00:00:00,281617.0
2013-05-23 00:00:00,283029.0
2013-05-24 00:00:00,284200.0
2013-05-25 00:00:00,285423.0
2013-05-26 00:00:00,286595.0
2013-05-27 00:00:00,287882.0
2013-05-28 00:00:00,289335.0
2013-05-29 00:00:00,290897.0
2013-05-30 00:00:00,292370.0
2013-05-31 00:00:00,293740.0
2013-06-01 00:00:00,294983.0
2013-06-02 00:00:00,296314.0
2013-06-03 00:00:00,297719.0
2013-06-04 00:00:00,299174.0
2013-06-05 00:00:00,300570.0
2013-06-06 00:00:00,301864.0
2013-06-07 00:00:00,303259.0
2013-06-08 00:00:00,304451.0
2013-06-09 00:00:00,305653.0
2013-06-10 00:00:00,306999.0
2013-06-11 00:00:00,308385.0
2013-06-12 00:00:00,309714.0
2013-06-13 00:00:00,310990.0
2013-06-14 00:00:00,312151.0
2013-06-15 00:00:00,313209.0
2013-06-16 00:00:00,314217.0
2013-06-17 00:00:00,315322.0
2013-06-18 00:00:00,316640.0
2013-06-19 00:00:00,318057.0
2013-06-20 00:00:00,319312.0
2013-06-21 00:00:00,320559.0
2013-06-22 00:00:00,321597.0
2013-06-23 00:00:00,322614.0
2013-06-24 00:00:00,323859.0
2013-06-25 00:00:00,325294.0
2013-06-26 00:00:00,326553.0
2013-06-27 00:00:00,327848.0
2013-06-28 00:00:00,329239.0
2013-06-29 00:00:00,330442.0
2013-06-30 00:00:00,332040.0
2013-07-01 00:00:00,334016.0
2013-07-02 00:00:00,335965.0
2013-07-03 00:00:00,337567.0
2013-07-04 00:00:00,338907.0
2013-07-05 00:00:00,340206.0
2013-07-06 00:00:00,341371.0
2013-07-07 00:00:00,342417.0
2013-07-08 00:00:00,343646.0
2013-07-09 00:00:00,344952.0
2013-07-10 00:00:00,346149.0
2013-07-11 00:00:00,347329.0
2013-07-12 00:00:00,348460.0
2013-07-13 00:00:00,349434.0
2013-07-14 00:00:00,350362.0
2013-07-15 00:00:00,351533.0
2013-07-16 00:00:00,352753.0
2013-07-17 00:00:00,353926.0
2013-07-18 00:00:00,355156.0
2013-07-19 00:00:00,356243.0
2013-07-20 00:00:00,357213.0
2013-07-21 00:00:00,358155.0
2013-07-22 00:00:00,359347.0
2013-07-23 00:00:00,360592.0
2013-07-24 00:00:00,361838.0
2013-07-25 00:00:00,363091.0
2013-07-26 00:00:00,364284.0
2013-07-27 00:00:00,365395.0
2013-07-28 00:00:00,366423.0
2013-07-29 00:00:00,367646.0
2013-07-30 00:00:00,369006.0
2013-07-31 00:00:00,370519.0
2013-08-01 00:00:00,371815.0
2013-08-02 00:00:00,373038.0
2013-08-03 00:00:00,374182.0
2013-08-04 00:00:00,375222.0
2013-08-05 00:00:00,376431.0
2013-08-06 00:00:00,377726.0
2013-08-07 00:00:00,379063.0
2013-08-08 00:00:00,380319.0
2013-08-09 00:00:00,381557.0
2013-08-10 00:00:00,382833.0
2013-08-11 00:00:00,383949.0
2013-08-12 00:00:00,385119.0
2013-08-13 00:00:00,386577.0
2013-08-14 00:00:00,388072.0
2013-08-15 00:00:00,389809.0
2013-08-16 00:00:00,391829.0
2013-08-17 00:00:00,393672.0
2013-08-18 00:00:00,395141.0
2013-08-19 00:00:00,396925.0
2013-08-20 00:00:00,398725.0
2013-08-21 00:00:00,400578.0
2013-08-22 00:00:00,402296.0
2013-08-23 00:00:00,403858.0
2013-08-24 00:00:00,405133.0
2013-08-25 00:00:00,406360.0
2013-08-26 00:00:00,407743.0
2013-08-27 00:00:00,409400.0
2013-08-28 00:00:00,411079.0
2013-08-29 00:00:00,412433.0
2013-08-30 00:00:00,413824.0
2013-08-31 00:00:00,414788.0
2013-09-01 00:00:00,415799.0
2013-09-02 00:00:00,417062.0
2013-09-03 00:00:00,418399.0
2013-09-04 00:00:00,419671.0
2013-09-05 00:00:00,420883.0
2013-09-06 00:00:00,422071.0
2013-09-07 00:00:00,423130.0
2013-09-08 00:00:00,424219.0
2013-09-09 00:00:00,425379.0
2013-09-10 00:00:00,426674.0
2013-09-11 00:00:00,427888.0
2013-09-12 00:00:00,429173.0
2013-09-13 00:00:00,430380.0
2013-09-14 00:00:00,431522.0
2013-09-15 00:00:00,432581.0
2013-09-16 00:00:00,433766.0
2013-09-17 00:00:00,434971.0
2013-09-18 00:00:00,436205.0
2013-09-19 00:00:00,437254.0
2013-09-20 00:00:00,438608.0
2013-09-21 00:00:00,440206.0
2013-09-22 00:00:00,441632.0
2013-09-23 00:00:00,443231.0
2013-09-24 00:00:00,444706.0
2013-09-25 00:00:00,446106.0
2013-09-26 00:00:00,447429.0
2013-09-27 00:00:00,448624.0
2013-09-28 00:00:00,449762.0
2013-09-29 00:00:00,450981.0
2013-09-30 00:00:00,452302.0
2013-10-01 00:00:00,453632.0
2013-10-02 00:00:00,454922.0
2013-10-03 00:00:00,456551.0
2013-10-04 00:00:00,458047.0
2013-10-05 00:00:00,459494.0
2013-10-06 00:00:00,460788.0
2013-10-07 00:00:00,462433.0
2013-10-08 00:00:00,464162.0
2013-10-09 00:00:00,465905.0
2013-10-10 00:00:00,467568.0
2013-10-11 00:00:00,468965.0
2013-10-12 00:00:00,470138.0
2013-10-13 00:00:00,471401.0
2013-10-14 00:00:00,472830.0
2013-10-15 00:00:00,474334.0
2013-10-16 00:00:00,476047.0
2013-10-17 00:00:00,477646.0
2013-10-18 00:00:00,479219.0
2013-10-19 00:00:00,480756.0
2013-10-20 00:00:00,482262.0
2013-10-21 00:00:00,483986.0
2013-10-22 00:00:00,485945.0
2013-10-23 00:00:00,488053.0
2013-10-24 00:00:00,490080.0
2013-10-25 00:00:00,491714.0
2013-10-26 00:00:00,493193.0
2013-10-27 00:00:00,494768.0
2013-10-28 00:00:00,496918.0
2013-10-29 00:00:00,504006.0
2013-10-30 00:00:00,509117.0
2013-10-31 00:00:00,513288.0
2013-11-01 00:00:00,516337.0
2013-11-02 00:00:00,519112.0
2013-11-03 00:00:00,521533.0
2013-11-04 00:00:00,524402.0
2013-11-05 00:00:00,527652.0
2013-11-06 00:00:00,531463.0
2013-11-07 00:00:00,535666.0
2013-11-08 00:00:00,539738.0
2013-11-09 00:00:00,543736.0
2013-11-10 00:00:00,546940.0
2013-11-11 00:00:00,550257.0
2013-11-12 00:00:00,553565.0
2013-11-13 00:00:00,557524.0
2013-11-14 00:00:00,561947.0
2013-11-15 00:00:00,566436.0
2013-11-16 00:00:00,570436.0
2013-11-17 00:00:00,575357.0
2013-11-18 00:00:00,583044.0
2013-11-19 00:00:00,596702.0
2013-11-20 00:00:00,607402.0
2013-11-21 00:00:00,616059.0
2013-11-22 00:00:00,623968.0
2013-11-23 00:00:00,631898.0
2013-11-24 00:00:00,638570.0
2013-11-25 00:00:00,645789.0
2013-11-26 00:00:00,653577.0
2013-11-27 00:00:00,663348.0
2013-11-28 00:00:00,678886.0
2013-11-29 00:00:00,694872.0
2013-11-30 00:00:00,708388.0
2013-12-01 00:00:00,718599.0
2013-12-02 00:00:00,741665.0
2013-12-03 00:00:00,755687.0
2013-12-04 00:00:00,767382.0
2013-12-05 00:00:00,777608.0
2013-12-06 00:00:00,786923.0
2013-12-07 00:00:00,794745.0
2013-12-08 00:00:00,801843.0
2013-12-09 00:00:00,810041.0
2013-12-10 00:00:00,821523.0
2013-12-11 00:00:00,829805.0
2013-12-12 00:00:00,838027.0
2013-12-13 00:00:00,846553.0
2013-12-14 00:00:00,853955.0
2013-12-15 00:00:00,861377.0
2013-12-16 00:00:00,869865.0
2013-12-17 00:00:00,879670.0
2013-12-18 00:00:00,888153.0
2013-12-19 00:00:00,896214.0
2013-12-20 00:00:00,902669.0
2013-12-21 00:00:00,908911.0
2013-12-22 00:00:00,915642.0
2013-12-23 00:00:00,922183.0
2013-12-24 00:00:00,928384.0
2013-12-25 00:00:00,934240.0
2013-12-26 00:00:00,939985.0
2013-12-27 00:00:00,945649.0
2013-12-28 00:00:00,950868.0
2013-12-29 00:00:00,956185.0
2013-12-30 00:00:00,962069.0
2013-12-31 00:00:00,966885.0
2014-01-01 00:00:00,970765.0
2014-01-02 00:00:00,976051.0
2014-01-03 00:00:00,981868.0
2014-01-04 00:00:00,987716.0
2014-01-05 00:00:00,993338.0
2014-01-06 00:00:00,1000366.0
2014-01-07 00:00:00,1007391.0
2014-01-08 00:00:00,1014419.0
2014-01-09 00:00:00,1021081.0
2014-01-10 00:00:00,1027056.0
2014-01-11 00:00:00,1032586.0
2014-01-12 00:00:00,1038211.0
2014-01-13 00:00:00,1044258.0
2014-01-14 00:00:00,1050364.0
2014-01-15 00:00:00,1056556.0
2014-01-16 00:00:00,1063202.0
2014-01-17 00:00:00,1069475.0
2014-01-18 00:00:00,1076470.0
2014-01-19 00:00:00,1081937.0
2014-01-20 00:00:00,1087787.0
2014-01-21 00:00:00,1094815.0
2014-01-22 00:00:00,1102199.0
2014-01-23 00:00:00,1109187.0
2014-01-24 00:00:00,1118105.0
2014-01-25 00:00:00,1124732.0
2014-01-26 00:00:00,1130663.0
2014-01-27 00:00:00,1136756.0
2014-01-28 00:00:00,1143759.0
2014-01-29 00:00:00,1151305.0
2014-01-30 00:00:00,1158069.0
2014-01-31 00:00:00,1163953.0
2014-02-01 00:00:00,1169501.0
2014-02-02 00:00:00,1175250.0
2014-02-03 00:00:00,1181265.0
2014-02-04 00:00:00,1187610.0
2014-02-05 00:00:00,1193990.0
2014-02-06 00:00:00,1200142.0
2014-02-07 00:00:00,1206549.0
2014-02-08 00:00:00,1212010.0
2014-02-09 00:00:00,1217715.0
2014-02-10 00:00:00,1224187.0
2014-02-11 00:00:00,1230466.0
2014-02-12 00:00:00,1235899.0
2014-02-13 00:00:00,1241386.0
2014-02-14 00:00:00,1246606.0
2014-02-15 00:00:00,1251598.0
2014-02-16 00:00:00,1256708.0
2014-02-17 00:00:00,1260750.0
2014-02-18 00:00:00,1266787.0
2014-02-19 00:00:00,1272388.0
2014-02-20 00:00:00,1278074.0
2014-02-21 00:00:00,1283125.0
2014-02-22 00:00:00,1287551.0
2014-02-23 00:00:00,1292316.0
2014-02-24 00:00:00,1297395.0
2014-02-25 00:00:00,1303810.0
2014-02-26 00:00:00,1309676.0
2014-02-27 00:00:00,1315180.0
2014-02-28 00:00:00,1320250.0
2014-03-01 00:00:00,1325084.0
2014-03-02 00:00:00,1329950.0
2014-03-03 00:00:00,1334887.0
2014-03-04 00:00:00,1340251.0
2014-03-05 00:00:00,1345391.0
2014-03-06 00:00:00,1350166.0
2014-03-07 00:00:00,1355221.0
2014-03-08 00:00:00,1359174.0
2014-03-09 00:00:00,1362925.0
2014-03-10 00:00:00,1367298.0
2014-03-11 00:00:00,1371223.0
2014-03-12 00:00:00,1375583.0
2014-03-13 00:00:00,1379940.0
2014-03-14 00:00:00,1383969.0
2014-03-15 00:00:00,1387579.0
2014-03-16 00:00:00,1391529.0
2014-03-17 00:00:00,1395609.0
2014-03-18 00:00:00,1395653.0
2014-03-19 00:00:00,1398541.0
2014-03-20 00:00:00,1403048.0
2014-03-21 00:00:00,1407251.0
2014-03-22 00:00:00,1411232.0
2014-03-23 00:00:00,1415047.0
2014-03-24 00:00:00,1419150.0
2014-03-25 00:00:00,1423642.0
2014-03-26 00:00:00,1428415.0
2014-03-27 00:00:00,1432812.0
2014-03-28 00:00:00,1436682.0
2014-03-29 00:00:00,1440281.0
2014-03-30 00:00:00,1443948.0
2014-03-31 00:00:00,1448143.0
2014-04-01 00:00:00,1451982.0
2014-04-02 00:00:00,1455667.0
2014-04-03 00:00:00,1459364.0
2014-04-04 00:00:00,1462892.0
2014-04-05 00:00:00,1466318.0
2014-04-06 00:00:00,1469806.0
2014-04-07 00:00:00,1473588.0
2014-04-08 00:00:00,1477320.0
2014-04-09 00:00:00,1481350.0
2014-04-10 00:00:00,1485378.0
2014-04-11 00:00:00,1490494.0
2014-04-12 00:00:00,1493700.0
2014-04-13 00:00:00,1497044.0
2014-04-14 00:00:00,1500777.0
2014-04-15 00:00:00,1504640.0
2014-04-16 00:00:00,1508504.0
2014-04-17 00:00:00,1512017.0
2014-04-18 00:00:00,1515608.0
2014-04-19 00:00:00,1518969.0
2014-04-20 00:00:00,1523486.0
2014-04-21 00:00:00,1526798.0
2014-04-22 00:00:00,1530749.0
2014-04-23 00:00:00,1534956.0
2014-04-24 00:00:00,1538908.0
2014-04-25 00:00:00,1542893.0
2014-04-26 00:00:00,1546871.0
2014-04-27 00:00:00,1550878.0
2014-04-28 00:00:00,1554732.0
2014-04-29 00:00:00,1558676.0
2014-04-30 00:00:00,1562212.0
2014-05-01 00:00:00,1565426.0
2014-05-02 00:00:00,1568687.0
2014-05-03 00:00:00,1571997.0
2014-05-04 00:00:00,1575308.0
2014-05-05 00:00:00,1578831.0
2014-05-06 00:00:00,1582868.0
2014-05-07 00:00:00,1586766.0
2014-05-08 00:00:00,1590435.0
2014-05-09 00:00:00,1593737.0
2014-05-10 00:00:00,1596786.0
2014-05-11 00:00:00,1599792.0
2014-05-12 00:00:00,1603225.0
2014-05-13 00:00:00,1606735.0
2014-05-14 00:00:00,1610679.0
2014-05-15 00:00:00,1614349.0
2014-05-16 00:00:00,1617504.0
2014-05-17 00:00:00,1620557.0
2014-05-18 00:00:00,1623695.0
2014-05-19 00:00:00,1627280.0
2014-05-20 00:00:00,1630948.0
2014-05-21 00:00:00,1634540.0
2014-05-22 00:00:00,1638215.0
2014-05-23 00:00:00,1641667.0
2014-05-24 00:00:00,1644710.0
2014-05-25 00:00:00,1647891.0
2014-05-26 00:00:00,1651897.0
2014-05-27 00:00:00,1655830.0
2014-05-28 00:00:00,1660245.0
2014-05-29 00:00:00,1664442.0
2014-05-30 00:00:00,1668573.0
2014-05-31 00:00:00,1672398.0
2014-06-01 00:00:00,1675841.0
2014-06-02 00:00:00,1680069.0
2014-06-03 00:00:00,1684203.0
2014-06-04 00:00:00,1688351.0
2014-06-05 00:00:00,1692160.0
2014-06-06 00:00:00,1696012.0
2014-06-07 00:00:00,1699443.0
2014-06-08 00:00:00,1703187.0
2014-06-09 00:00:00,1707220.0
2014-06-10 00:00:00,1711347.0
2014-06-11 00:00:00,1715846.0
2014-06-12 00:00:00,1720129.0
2014-06-13 00:00:00,1724098.0
2014-06-14 00:00:00,1727532.0
2014-06-15 00:00:00,1731308.0
2014-06-16 00:00:00,1735471.0
2014-06-17 00:00:00,1740222.0
2014-06-18 00:00:00,1744305.0
2014-06-19 00:00:00,1748219.0
2014-06-20 00:00:00,1752029.0
2014-06-21 00:00:00,1755717.0
2014-06-22 00:00:00,1759074.0
2014-06-23 00:00:00,1762878.0
2014-06-24 00:00:00,1766949.0
2014-06-25 00:00:00,1770973.0
2014-06-26 00:00:00,1775116.0
2014-06-27 00:00:00,1779103.0
2014-06-28 00:00:00,1782880.0
2014-06-29 00:00:00,1786685.0
2014-06-30 00:00:00,1791263.0
2014-07-01 00:00:00,1795938.0
2014-07-02 00:00:00,1800748.0
2014-07-03 00:00:00,1805638.0
2014-07-04 00:00:00,1809955.0
2014-07-05 00:00:00,1813637.0
2014-07-06 00:00:00,1817503.0
2014-07-07 00:00:00,1821881.0
2014-07-08 00:00:00,1826405.0
2014-07-09 00:00:00,1831024.0
2014-07-10 00:00:00,1835713.0
2014-07-11 00:00:00,1840140.0
2014-07-12 00:00:00,1844181.0
2014-07-13 00:00:00,1847903.0
2014-07-14 00:00:00,1852238.0
2014-07-15 00:00:00,1856572.0
2014-07-16 00:00:00,1860837.0
2014-07-17 00:00:00,1865266.0
2014-07-18 00:00:00,1869646.0
2014-07-19 00:00:00,1873719.0
2014-07-20 00:00:00,1878182.0
2014-07-21 00:00:00,1882933.0
2014-07-22 00:00:00,1887510.0
2014-07-23 00:00:00,1892183.0
2014-07-24 00:00:00,1896770.0
2014-07-25 00:00:00,1901107.0
2014-07-26 00:00:00,1905232.0
2014-07-27 00:00:00,1909047.0
2014-07-28 00:00:00,1913748.0
2014-07-29 00:00:00,1922272.0
2014-07-30 00:00:00,1930905.0
2014-07-31 00:00:00,1937615.0
2014-08-01 00:00:00,1943654.0
2014-08-02 00:00:00,1949629.0
2014-08-03 00:00:00,1954683.0
2014-08-04 00:00:00,1961867.0
2014-08-05 00:00:00,1970816.0
2014-08-06 00:00:00,1978691.0
2014-08-07 00:00:00,1984961.0
2014-08-08 00:00:00,1990454.0
2014-08-09 00:00:00,1995407.0
2014-08-10 00:00:00,2000256.0
2014-08-11 00:00:00,2005514.0
2014-08-12 00:00:00,2011246.0
2014-08-13 00:00:00,2017054.0
2014-08-14 00:00:00,2022619.0
2014-08-15 00:00:00,2027773.0
2014-08-16 00:00:00,2032708.0
2014-08-17 00:00:00,2037795.0
2014-08-18 00:00:00,2043581.0
2014-08-19 00:00:00,2049465.0
2014-08-20 00:00:00,2055092.0
2014-08-21 00:00:00,2060507.0
2014-08-22 00:00:00,2066099.0
2014-08-23 00:00:00,2070778.0
2014-08-24 00:00:00,2075606.0
2014-08-25 00:00:00,2081034.0
2014-08-26 00:00:00,2086767.0
2014-08-27 00:00:00,2092230.0
2014-08-28 00:00:00,2097947.0
2014-08-29 00:00:00,2103178.0
2014-08-30 00:00:00,2107985.0
2014-08-31 00:00:00,2114088.0
2014-09-01 00:00:00,2118964.0
2014-09-02 00:00:00,2125124.0
2014-09-03 00:00:00,2130197.0
2014-09-04 00:00:00,2135769.0
2014-09-05 00:00:00,2140651.0
2014-09-06 00:00:00,2145615.0
2014-09-07 00:00:00,2158632.0
2014-09-08 00:00:00,2164136.0
2014-09-09 00:00:00,2169931.0
2014-09-10 00:00:00,2175346.0
2014-09-11 00:00:00,2180081.0
2014-09-12 00:00:00,2184552.0
2014-09-13 00:00:00,2188693.0
2014-09-14 00:00:00,2193477.0
2014-09-15 00:00:00,2198181.0
2014-09-16 00:00:00,2203182.0
2014-09-17 00:00:00,2207905.0
2014-09-18 00:00:00,2212540.0
2014-09-19 00:00:00,2218905.0
2014-09-20 00:00:00,2222984.0
2014-09-21 00:00:00,2227543.0
2014-09-22 00:00:00,2232406.0
2014-09-23 00:00:00,2237581.0
2014-09-24 00:00:00,2242964.0
2014-09-25 00:00:00,2248618.0
2014-09-26 00:00:00,2253475.0
2014-09-27 00:00:00,2257716.0
2014-09-28 00:00:00,2262294.0
2014-09-29 00:00:00,2267085.0
2014-09-30 00:00:00,2271978.0
2014-10-01 00:00:00,2276636.0
2014-10-02 00:00:00,2281135.0
2014-10-03 00:00:00,2285468.0
2014-10-04 00:00:00,2289712.0
2014-10-05 00:00:00,2294746.0
2014-10-06 00:00:00,2299839.0
2014-10-07 00:00:00,2305242.0
2014-10-08 00:00:00,2310933.0
2014-10-09 00:00:00,2316618.0
2014-10-10 00:00:00,2321603.0
2014-10-11 00:00:00,2326689.0
2014-10-12 00:00:00,2331810.0
2014-10-13 00:00:00,2336999.0
2014-10-14 00:00:00,2342157.0
2014-10-15 00:00:00,2347111.0
2014-10-16 00:00:00,2352582.0
2014-10-17 00:00:00,2357177.0
2014-10-18 00:00:00,2361569.0
2014-10-19 00:00:00,2366318.0
2014-10-20 00:00:00,2370886.0
2014-10-21 00:00:00,2376258.0
2014-10-22 00:00:00,2381387.0
2014-10-23 00:00:00,2385891.0
2014-10-24 00:00:00,2390219.0
2014-10-25 00:00:00,2394480.0
2014-10-26 00:00:00,2399236.0
2014-10-27 00:00:00,2407862.0
2014-10-28 00:00:00,2412721.0
2014-10-29 00:00:00,2417787.0
2014-10-30 00:00:00,2422956.0
2014-10-31 00:00:00,2428297.0
2014-11-01 00:00:00,2432909.0
2014-11-02 00:00:00,2437743.0
2014-11-03 00:00:00,2442649.0
2014-11-04 00:00:00,2447677.0
2014-11-05 00:00:00,2452837.0
2014-11-06 00:00:00,2457672.0
2014-11-07 00:00:00,2462589.0
2014-11-08 00:00:00,2467532.0
2014-11-09 00:00:00,2472448.0
2014-11-10 00:00:00,2477509.0
2014-11-11 00:00:00,2482915.0
2014-11-12 00:00:00,2488094.0
2014-11-13 00:00:00,2493727.0
2014-11-14 00:00:00,2499028.0
2014-11-15 00:00:00,2504332.0
2014-11-16 00:00:00,2509233.0
2014-11-17 00:00:00,2514428.0
2014-11-18 00:00:00,2519771.0
2014-11-19 00:00:00,2524914.0
2014-11-20 00:00:00,2529796.0
2014-11-21 00:00:00,2534878.0
2014-11-22 00:00:00,2539735.0
2014-11-23 00:00:00,2544836.0
2014-11-24 00:00:00,2549601.0
2014-11-25 00:00:00,2554674.0
2014-11-26 00:00:00,2560435.0
2014-11-27 00:00:00,2564992.0
2014-11-28 00:00:00,2569340.0
2014-11-29 00:00:00,2573701.0
2014-11-30 00:00:00,2578398.0
2014-12-01 00:00:00,2583362.0
2014-12-02 00:00:00,2588840.0
2014-12-03 00:00:00,2593733.0
2014-12-04 00:00:00,2599020.0
2014-12-05 00:00:00,2604407.0
2014-12-06 00:00:00,2608811.0
2014-12-07 00:00:00,2613340.0
2014-12-08 00:00:00,2618587.0
2014-12-09 00:00:00,2623710.0
2014-12-10 00:00:00,2628460.0
2014-12-11 00:00:00,2633643.0
2014-12-12 00:00:00,2638426.0
2014-12-13 00:00:00,2643050.0
2014-12-14 00:00:00,2647972.0
2014-12-15 00:00:00,2652862.0
2014-12-16 00:00:00,2657865.0
2014-12-17 00:00:00,2662926.0
2014-12-18 00:00:00,2667321.0
2014-12-19 00:00:00,2671548.0
2014-12-20 00:00:00,2675488.0
2014-12-21 00:00:00,2679956.0
2014-12-22 00:00:00,2685403.0
2014-12-23 00:00:00,2690142.0
2014-12-24 00:00:00,2694455.0
2014-12-25 00:00:00,2698222.0
2014-12-26 00:00:00,2702310.0
2014-12-27 00:00:00,2706304.0
2014-12-28 00:00:00,2710429.0
2014-12-29 00:00:00,2715465.0
2014-12-30 00:00:00,2719717.0
2014-12-31 00:00:00,2723272.0
2015-01-01 00:00:00,2726154.0
2015-01-02 00:00:00,2730066.0
2015-01-03 00:00:00,2734236.0
2015-01-04 00:00:00,2738654.0
2015-01-05 00:00:00,2743273.0
2015-01-06 00:00:00,2747920.0
2015-01-07 00:00:00,2752885.0
2015-01-08 00:00:00,2757765.0
2015-01-09 00:00:00,2763084.0
2015-01-10 00:00:00,2768262.0
2015-01-11 00:00:00,2773180.0
2015-01-12 00:00:00,2779043.0
2015-01-13 00:00:00,2783890.0
2015-01-14 00:00:00,2788850.0
2015-01-15 00:00:00,2793579.0
2015-01-16 00:00:00,2798054.0
2015-01-17 00:00:00,2802278.0
2015-01-18 00:00:00,2806605.0
2015-01-19 00:00:00,2811208.0
2015-01-20 00:00:00,2815937.0
2015-01-21 00:00:00,2820708.0
2015-01-22 00:00:00,2825099.0
2015-01-23 00:00:00,2829833.0
2015-01-24 00:00:00,2834247.0
2015-01-25 00:00:00,2838958.0
2015-01-26 00:00:00,2844400.0
2015-01-27 00:00:00,2849577.0
2015-01-28 00:00:00,2854516.0
2015-01-29 00:00:00,2860738.0
2015-01-30 00:00:00,2865410.0
2015-01-31 00:00:00,2869986.0
2015-02-01 00:00:00,2874618.0
2015-02-02 00:00:00,2879200.0
2015-02-03 00:00:00,2884217.0
2015-02-04 00:00:00,2888857.0
2015-02-05 00:00:00,2893599.0
2015-02-06 00:00:00,2898259.0
2015-02-07 00:00:00,2902737.0
2015-02-08 00:00:00,2907075.0
2015-02-09 00:00:00,2912046.0
2015-02-10 00:00:00,2917033.0
2015-02-11 00:00:00,2922162.0
2015-02-12 00:00:00,2929390.0
2015-02-13 00:00:00,2937837.0
2015-02-14 00:00:00,2945869.0
2015-02-15 00:00:00,2950855.0
2015-02-16 00:00:00,2956335.0
2015-02-17 00:00:00,2963555.0
2015-02-18 00:00:00,2970780.0
2015-02-19 00:00:00,2977411.0
2015-02-20 00:00:00,2985497.0
2015-02-21 00:00:00,2992923.0
2015-02-22 00:00:00,3000013.0
2015-02-23 00:00:00,3005138.0
2015-02-24 00:00:00,3010723.0
2015-02-25 00:00:00,3016006.0
2015-02-26 00:00:00,3020872.0
2015-02-27 00:00:00,3025567.0
2015-02-28 00:00:00,3029971.0
2015-03-01 00:00:00,3034588.0
2015-03-02 00:00:00,3039526.0
2015-03-03 00:00:00,3044636.0
2015-03-04 00:00:00,3050041.0
2015-03-05 00:00:00,3055406.0
2015-03-06 00:00:00,3060081.0
2015-03-07 00:00:00,3065109.0
2015-03-08 00:00:00,3069787.0
2015-03-09 00:00:00,3074557.0
2015-03-10 00:00:00,3079550.0
2015-03-11 00:00:00,3084290.0
2015-03-12 00:00:00,3089404.0
2015-03-13 00:00:00,3094389.0
2015-03-14 00:00:00,3098868.0
2015-03-15 00:00:00,3103168.0
2015-03-16 00:00:00,3107910.0
2015-03-17 00:00:00,3112613.0
2015-03-18 00:00:00,3117033.0
2015-03-19 00:00:00,3121374.0
2015-03-20 00:00:00,3125378.0
2015-03-21 00:00:00,3129263.0
2015-03-22 00:00:00,3133429.0
2015-03-23 00:00:00,3138102.0
2015-03-24 00:00:00,3142557.0
2015-03-25 00:00:00,3146872.0
2015-03-26 00:00:00,3151518.0
2015-03-27 00:00:00,3157241.0
2015-03-28 00:00:00,3161766.0
2015-03-29 00:00:00,3166526.0
2015-03-30 00:00:00,3171970.0
2015-03-31 00:00:00,3177707.0
2015-04-01 00:00:00,3183329.0
2015-04-02 00:00:00,3188600.0
2015-04-03 00:00:00,3193831.0
2015-04-04 00:00:00,3199026.0
2015-04-05 00:00:00,3203649.0
2015-04-06 00:00:00,3208776.0
2015-04-07 00:00:00,3214524.0
2015-04-08 00:00:00,3219437.0
2015-04-09 00:00:00,3224922.0
2015-04-10 00:00:00,3230462.0
2015-04-11 00:00:00,3234996.0
2015-04-12 00:00:00,3239625.0
2015-04-13 00:00:00,3244947.0
2015-04-14 00:00:00,3250058.0
2015-04-15 00:00:00,3255153.0
2015-04-16 00:00:00,3260309.0
2015-04-17 00:00:00,3265137.0
2015-04-18 00:00:00,3269978.0
2015-04-19 00:00:00,3274244.0
2015-04-20 00:00:00,3279011.0
2015-04-21 00:00:00,3284127.0
2015-04-22 00:00:00,3289120.0
2015-04-23 00:00:00,3294361.0
2015-04-24 00:00:00,3299459.0
2015-04-25 00:00:00,3305388.0
2015-04-26 00:00:00,3310653.0
2015-04-27 00:00:00,3315533.0
2015-04-28 00:00:00,3320401.0
2015-04-29 00:00:00,3325183.0
2015-04-30 00:00:00,3329868.0
2015-05-01 00:00:00,3334318.0
2015-05-02 00:00:00,3338506.0
2015-05-03 00:00:00,3342704.0
2015-05-04 00:00:00,3347618.0
2015-05-05 00:00:00,3356144.0
2015-05-06 00:00:00,3360999.0
2015-05-07 00:00:00,3367895.0
2015-05-08 00:00:00,3372534.0
2015-05-09 00:00:00,3376484.0
2015-05-10 00:00:00,3380972.0
2015-05-11 00:00:00,3386200.0
2015-05-12 00:00:00,3391659.0
2015-05-13 00:00:00,3396825.0
2015-05-14 00:00:00,3401823.0
2015-05-15 00:00:00,3406874.0
2015-05-16 00:00:00,3411578.0
2015-05-17 00:00:00,3416442.0
2015-05-18 00:00:00,3421590.0
2015-05-19 00:00:00,3426967.0
2015-05-20 00:00:00,3432989.0
2015-05-21 00:00:00,3439189.0
2015-05-22 00:00:00,3444694.0
2015-05-23 00:00:00,3449943.0
2015-05-24 00:00:00,3455075.0
2015-05-25 00:00:00,3461126.0
2015-05-26 00:00:00,3467023.0
2015-05-27 00:00:00,3472705.0
2015-05-28 00:00:00,3480210.0
2015-05-29 00:00:00,3485729.0
2015-05-30 00:00:00,3490449.0
2015-05-31 00:00:00,3495018.0
2015-06-01 00:00:00,3500077.0
2015-06-02 00:00:00,3505036.0
2015-06-03 00:00:00,3511027.0
2015-06-04 00:00:00,3516140.0
2015-06-05 00:00:00,3521147.0
2015-06-06 00:00:00,3526054.0
2015-06-07 00:00:00,3529529.0
2015-06-08 00:00:00,3534606.0
2015-06-09 00:00:00,3540083.0
2015-06-10 00:00:00,3545295.0
2015-06-11 00:00:00,3551064.0
2015-06-12 00:00:00,3555894.0
2015-06-13 00:00:00,3560971.0
2015-06-14 00:00:00,3565797.0
2015-06-15 00:00:00,3571055.0
2015-06-16 00:00:00,3576808.0
2015-06-17 00:00:00,3583017.0
2015-06-18 00:00:00,3589704.0
2015-06-19 00:00:00,3595963.0
2015-06-20 00:00:00,3601449.0
2015-06-21 00:00:00,3607698.0
2015-06-22 00:00:00,3613832.0
2015-06-23 00:00:00,3619636.0
2015-06-24 00:00:00,3625728.0
2015-06-25 00:00:00,3631878.0
2015-06-26 00:00:00,3637953.0
2015-06-27 00:00:00,3643621.0
2015-06-28 00:00:00,3648675.0
2015-06-29 00:00:00,3654521.0
2015-06-30 00:00:00,3666010.0
2015-07-01 00:00:00,3672238.0
2015-07-02 00:00:00,3678446.0
2015-07-03 00:00:00,3684712.0
2015-07-04 00:00:00,3691609.0
2015-07-05 00:00:00,3696670.0
2015-07-06 00:00:00,3703034.0
2015-07-07 00:00:00,3709806.0
2015-07-08 00:00:00,3716621.0
2015-07-09 00:00:00,3723311.0
2015-07-10 00:00:00,3732816.0
2015-07-11 00:00:00,3739207.0
2015-07-12 00:00:00,3745241.0
2015-07-13 00:00:00,3751805.0
2015-07-14 00:00:00,3790367.0
2015-07-15 00:00:00,3797826.0
2015-07-16 00:00:00,3803686.0
2015-07-17 00:00:00,3809138.0
2015-07-18 00:00:00,3814317.0
2015-07-19 00:00:00,3820052.0
2015-07-20 00:00:00,3826491.0
2015-07-21 00:00:00,3833426.0
2015-07-22 00:00:00,3839985.0
2015-07-23 00:00:00,3846817.0
2015-07-24 00:00:00,3853422.0
2015-07-25 00:00:00,3859171.0
2015-07-26 00:00:00,3865405.0
2015-07-27 00:00:00,3872002.0
2015-07-28 00:00:00,3878394.0
2015-07-29 00:00:00,3885141.0
2015-07-30 00:00:00,3891830.0
2015-07-31 00:00:00,3897914.0
2015-08-01 00:00:00,3903592.0
2015-08-02 00:00:00,3912526.0
2015-08-03 00:00:00,3919540.0
2015-08-04 00:00:00,3926950.0
2015-08-05 00:00:00,3933656.0
2015-08-06 00:00:00,3939766.0
2015-08-07 00:00:00,3945526.0
2015-08-08 00:00:00,3950759.0
2015-08-09 00:00:00,3956107.0
2015-08-10 00:00:00,3961954.0
2015-08-11 00:00:00,3968223.0
2015-08-12 00:00:00,3975331.0
2015-08-13 00:00:00,3984562.0
2015-08-14 00:00:00,3991048.0
2015-08-15 00:00:00,3996755.0
2015-08-16 00:00:00,4004155.0
2015-08-17 00:00:00,4010440.0
2015-08-18 00:00:00,4017248.0
2015-08-19 00:00:00,4023883.0
2015-08-20 00:00:00,4036635.0
2015-08-21 00:00:00,4065426.0
2015-08-22 00:00:00,4088174.0
2015-08-23 00:00:00,4095100.0
2015-08-24 00:00:00,4101954.0
2015-08-25 00:00:00,4113830.0
2015-08-26 00:00:00,4121710.0
2015-08-27 00:00:00,4128152.0
2015-08-28 00:00:00,4134777.0
2015-08-29 00:00:00,4140784.0
2015-08-30 00:00:00,4146673.0
2015-08-31 00:00:00,4153093.0
2015-09-01 00:00:00,4159985.0
2015-09-02 00:00:00,4166582.0
2015-09-03 00:00:00,4173275.0
2015-09-04 00:00:00,4176098.0
2015-09-05 00:00:00,4182841.0
2015-09-06 00:00:00,4189121.0
2015-09-07 00:00:00,4195635.0
2015-09-08 00:00:00,4202009.0
2015-09-09 00:00:00,4208444.0
2015-09-10 00:00:00,4215298.0
2015-09-11 00:00:00,4222150.0
2015-09-12 00:00:00,4228337.0
2015-09-13 00:00:00,4244070.0
2015-09-14 00:00:00,4251709.0
2015-09-15 00:00:00,4259086.0
2015-09-16 00:00:00,4266730.0
2015-09-17 00:00:00,4273816.0
2015-09-18 00:00:00,4280754.0
2015-09-19 00:00:00,4288079.0
2015-09-20 00:00:00,4296473.0
2015-09-21 00:00:00,4303881.0
2015-09-22 00:00:00,4311247.0
2015-09-23 00:00:00,4318568.0
2015-09-24 00:00:00,4325864.0
2015-09-25 00:00:00,4332591.0
2015-09-26 00:00:00,4339229.0
2015-09-27 00:00:00,4345824.0
2015-09-28 00:00:00,4353659.0
2015-09-29 00:00:00,4362605.0
2015-09-30 00:00:00,4372219.0
2015-10-01 00:00:00,4382134.0
2015-10-02 00:00:00,4391799.0
2015-10-03 00:00:00,4399506.0
2015-10-04 00:00:00,4407020.0
2015-10-05 00:00:00,4415032.0
2015-10-06 00:00:00,4427982.0
2015-10-07 00:00:00,4439625.0
2015-10-08 00:00:00,4449533.0
2015-10-09 00:00:00,4478025.0
2015-10-10 00:00:00,4486171.0
2015-10-11 00:00:00,4493934.0
2015-10-12 00:00:00,4504330.0
2015-10-13 00:00:00,4516989.0
2015-10-14 00:00:00,4528285.0
2015-10-15 00:00:00,4538391.0
2015-10-16 00:00:00,4547466.0
2015-10-17 00:00:00,4556219.0
2015-10-18 00:00:00,4565229.0
2015-10-19 00:00:00,4575077.0
2015-10-20 00:00:00,4584778.0
2015-10-21 00:00:00,4593770.0
2015-10-22 00:00:00,4602627.0
2015-10-23 00:00:00,4611251.0
2015-10-24 00:00:00,4619591.0
2015-10-25 00:00:00,4627736.0
2015-10-26 00:00:00,4633433.0
2015-10-27 00:00:00,4642084.0
2015-10-28 00:00:00,4653806.0
2015-10-29 00:00:00,4665697.0
2015-10-30 00:00:00,4677539.0
2015-10-31 00:00:00,4688287.0
2015-11-01 00:00:00,4698167.0
2015-11-02 00:00:00,4711290.0
2015-11-03 00:00:00,4724172.0
2015-11-04 00:00:00,4738010.0
2015-11-05 00:00:00,4750692.0
2015-11-06 00:00:00,4762528.0
2015-11-07 00:00:00,4772823.0
2015-11-08 00:00:00,4782986.0
2015-11-09 00:00:00,4793746.0
2015-11-10 00:00:00,4804531.0
2015-11-11 00:00:00,4814378.0
2015-11-12 00:00:00,4824260.0
2015-11-13 00:00:00,4833613.0
2015-11-14 00:00:00,4843010.0
2015-11-15 00:00:00,4852513.0
2015-11-16 00:00:00,4862637.0
2015-11-17 00:00:00,4873149.0
2015-11-18 00:00:00,4884841.0
2015-11-19 00:00:00,4898222.0
2015-11-20 00:00:00,4910696.0
2015-11-21 00:00:00,4921707.0
2015-11-22 00:00:00,4933602.0
2015-11-23 00:00:00,4945865.0
2015-11-24 00:00:00,4956487.0
2015-11-25 00:00:00,4967936.0
2015-11-26 00:00:00,4978961.0
2015-11-27 00:00:00,4990347.0
2015-11-28 00:00:00,5001270.0
2015-11-29 00:00:00,5011010.0
2015-11-30 00:00:00,5022931.0
2015-12-01 00:00:00,5034030.0
2015-12-02 00:00:00,5047389.0
2015-12-03 00:00:00,5060672.0
2015-12-04 00:00:00,5073123.0
2015-12-05 00:00:00,5085312.0
2015-12-06 00:00:00,5098858.0
2015-12-07 00:00:00,5117468.0
2015-12-08 00:00:00,5132084.0
2015-12-09 00:00:00,5151568.0
2015-12-10 00:00:00,5163651.0
2015-12-11 00:00:00,5177930.0
2015-12-12 00:00:00,5194282.0
2015-12-13 00:00:00,5208921.0
2015-12-14 00:00:00,5221808.0
2015-12-15 00:00:00,5234373.0
2015-12-16 00:00:00,5247121.0
2015-12-17 00:00:00,5260152.0
2015-12-18 00:00:00,5276188.0
2015-12-19 00:00:00,5289744.0
2015-12-20 00:00:00,5300870.0
2015-12-21 00:00:00,5317902.0
2015-12-22 00:00:00,5330509.0
2015-12-23 00:00:00,5343955.0
2015-12-24 00:00:00,5356882.0
2015-12-25 00:00:00,5368911.0
2015-12-26 00:00:00,5380917.0
2015-12-27 00:00:00,5393406.0
2015-12-28 00:00:00,5404163.0
2015-12-29 00:00:00,5416587.0
2015-12-30 00:00:00,5428667.0
2015-12-31 00:00:00,5439181.0
2016-01-01 00:00:00,5445725.0
2016-01-02 00:00:00,5454997.0
2016-01-03 00:00:00,5464819.0
2016-01-04 00:00:00,5478743.0
2016-01-05 00:00:00,5494195.0
2016-01-06 00:00:00,5516648.0
2016-01-07 00:00:00,5528591.0
2016-01-08 00:00:00,5545336.0
2016-01-09 00:00:00,5555945.0
2016-01-10 00:00:00,5607033.0
2016-01-11 00:00:00,5626227.0
2016-01-12 00:00:00,5647934.0
2016-01-13 00:00:00,5687111.0
2016-01-14 00:00:00,5698571.0
2016-01-15 00:00:00,5708925.0
2016-01-16 00:00:00,5718538.0
2016-01-17 00:00:00,5727557.0
2016-01-18 00:00:00,5737505.0
2016-01-19 00:00:00,5748099.0
2016-01-20 00:00:00,5758594.0
2016-01-21 00:00:00,5769550.0
2016-01-22 00:00:00,5780498.0
2016-01-23 00:00:00,5790790.0
2016-01-24 00:00:00,5800319.0
2016-01-25 00:00:00,5811068.0
2016-01-26 00:00:00,5821858.0
2016-01-27 00:00:00,5832080.0
2016-01-28 00:00:00,5842613.0
2016-01-29 00:00:00,5869723.0
2016-01-30 00:00:00,5879958.0
2016-01-31 00:00:00,5889715.0
2016-02-01 00:00:00,5900031.0
2016-02-02 00:00:00,5911166.0
2016-02-03 00:00:00,5922158.0
2016-02-04 00:00:00,5932993.0
2016-02-05 00:00:00,5943298.0
2016-02-06 00:00:00,5953042.0
2016-02-07 00:00:00,5963049.0
2016-02-08 00:00:00,5974030.0
2016-02-09 00:00:00,5990418.0
2016-02-10 00:00:00,6004822.0
2016-02-11 00:00:00,6018211.0
2016-02-12 00:00:00,6028433.0
2016-02-13 00:00:00,6038500.0
2016-02-14 00:00:00,6048149.0
2016-02-15 00:00:00,6059096.0
2016-02-16 00:00:00,6071809.0
2016-02-17 00:00:00,6083614.0
2016-02-18 00:00:00,6094406.0
2016-02-19 00:00:00,6106627.0
2016-02-20 00:00:00,6118023.0
2016-02-21 00:00:00,6130000.0
2016-02-22 00:00:00,6142217.0
2016-02-23 00:00:00,6154038.0
2016-02-24 00:00:00,6165717.0
2016-02-25 00:00:00,6177728.0
2016-02-26 00:00:00,6189910.0
2016-02-27 00:00:00,6203933.0
2016-02-28 00:00:00,6215834.0
2016-02-29 00:00:00,6227655.0
2016-03-01 00:00:00,6243315.0
2016-03-02 00:00:00,6263101.0
2016-03-03 00:00:00,6274533.0
2016-03-04 00:00:00,6285946.0
2016-03-05 00:00:00,6296865.0
2016-03-06 00:00:00,6308115.0
2016-03-07 00:00:00,6319893.0
2016-03-08 00:00:00,6331643.0
2016-03-09 00:00:00,6343080.0
2016-03-10 00:00:00,6354076.0
2016-03-11 00:00:00,6364167.0
2016-03-12 00:00:00,6374543.0
2016-03-13 00:00:00,6384808.0
2016-03-14 00:00:00,6408681.0
2016-03-15 00:00:00,6444611.0
2016-03-16 00:00:00,6460381.0
2016-03-17 00:00:00,6472713.0
2016-03-18 00:00:00,6484014.0
2016-03-19 00:00:00,6494510.0
2016-03-20 00:00:00,6506740.0
2016-03-21 00:00:00,6518812.0
2016-03-22 00:00:00,6530896.0
2016-03-23 00:00:00,6543081.0
2016-03-24 00:00:00,6554362.0
2016-03-25 00:00:00,6565396.0
2016-03-26 00:00:00,6575816.0
2016-03-27 00:00:00,6586048.0
2016-03-28 00:00:00,6599711.0
2016-03-29 00:00:00,6612101.0
2016-03-30 00:00:00,6635323.0
2016-03-31 00:00:00,6648664.0
2016-04-01 00:00:00,6661126.0
2016-04-02 00:00:00,6672479.0
2016-04-03 00:00:00,6688655.0
2016-04-04 00:00:00,6711189.0
2016-04-05 00:00:00,6724479.0
2016-04-06 00:00:00,6737269.0
2016-04-07 00:00:00,6750120.0
2016-04-08 00:00:00,6762082.0
2016-04-09 00:00:00,6773053.0
2016-04-10 00:00:00,6784740.0
2016-04-11 00:00:00,6797060.0
2016-04-12 00:00:00,6810402.0
2016-04-13 00:00:00,6822736.0
2016-04-14 00:00:00,6834277.0
2016-04-15 00:00:00,6845236.0
2016-04-16 00:00:00,6855579.0
2016-04-17 00:00:00,6865867.0
2016-04-18 00:00:00,6876507.0
2016-04-19 00:00:00,6887695.0
2016-04-20 00:00:00,6898727.0
2016-04-21 00:00:00,6910345.0
2016-04-22 00:00:00,6921588.0
2016-04-23 00:00:00,6931980.0
2016-04-24 00:00:00,6942443.0
2016-04-25 00:00:00,6955905.0
2016-04-26 00:00:00,6968497.0
2016-04-27 00:00:00,6982399.0
2016-04-28 00:00:00,6997552.0
2016-04-29 00:00:00,7012014.0
2016-04-30 00:00:00,7025904.0
2016-05-01 00:00:00,7039303.0
2016-05-02 00:00:00,7055278.0
2016-05-03 00:00:00,7071613.0
2016-05-04 00:00:00,7087522.0
2016-05-05 00:00:00,7102517.0
2016-05-06 00:00:00,7116743.0
2016-05-07 00:00:00,7130242.0
2016-05-08 00:00:00,7143125.0
2016-05-09 00:00:00,7156897.0
2016-05-10 00:00:00,7171822.0
2016-05-11 00:00:00,7187239.0
2016-05-12 00:00:00,7201956.0
2016-05-13 00:00:00,7215311.0
2016-05-14 00:00:00,7227274.0
2016-05-15 00:00:00,7237633.0
2016-05-16 00:00:00,7248646.0
2016-05-17 00:00:00,7260044.0
2016-05-18 00:00:00,7271336.0
2016-05-19 00:00:00,7286044.0
2016-05-20 00:00:00,7298025.0
2016-05-21 00:00:00,7307727.0
2016-05-22 00:00:00,7317059.0
2016-05-23 00:00:00,7334930.0
2016-05-24 00:00:00,7346565.0
2016-05-25 00:00:00,7363557.0
2016-05-26 00:00:00,7376376.0
2016-05-27 00:00:00,7387064.0
2016-05-28 00:00:00,7403194.0
2016-05-29 00:00:00,7420737.0
2016-05-30 00:00:00,7434197.0
2016-05-31 00:00:00,7451927.0
2016-06-01 00:00:00,7464378.0
2016-06-02 00:00:00,7476162.0
2016-06-03 00:00:00,7486653.0
2016-06-04 00:00:00,7504310.0
2016-06-05 00:00:00,7514984.0
2016-06-06 00:00:00,7525984.0
2016-06-07 00:00:00,7536971.0
2016-06-08 00:00:00,7549230.0
2016-06-09 00:00:00,7559711.0
2016-06-10 00:00:00,7570086.0
2016-06-11 00:00:00,7579535.0
2016-06-12 00:00:00,7589736.0
2016-06-13 00:00:00,7601460.0
2016-06-14 00:00:00,7613302.0
2016-06-15 00:00:00,7625562.0
2016-06-16 00:00:00,7637271.0
2016-06-17 00:00:00,7649266.0
2016-06-18 00:00:00,7659937.0
2016-06-19 00:00:00,7670138.0
2016-06-20 00:00:00,7681746.0
2016-06-21 00:00:00,7692841.0
2016-06-22 00:00:00,7703745.0
2016-06-23 00:00:00,7715094.0
2016-06-24 00:00:00,7732453.0
2016-06-25 00:00:00,7742281.0
2016-06-26 00:00:00,7752577.0
2016-06-27 00:00:00,7762999.0
2016-06-28 00:00:00,7773839.0
2016-06-29 00:00:00,7784628.0
2016-06-30 00:00:00,7794814.0
2016-07-01 00:00:00,7805180.0
2016-07-02 00:00:00,7815620.0
2016-07-03 00:00:00,7824850.0
2016-07-04 00:00:00,7835149.0
2016-07-05 00:00:00,7846764.0
2016-07-06 00:00:00,7859275.0
2016-07-07 00:00:00,7870956.0
2016-07-08 00:00:00,7882776.0
2016-07-09 00:00:00,7893747.0
2016-07-10 00:00:00,7905647.0
2016-07-11 00:00:00,7917882.0
2016-07-12 00:00:00,7930745.0
2016-07-13 00:00:00,7942210.0
2016-07-14 00:00:00,7953019.0
2016-07-15 00:00:00,7963235.0
2016-07-16 00:00:00,7972942.0
2016-07-17 00:00:00,7982245.0
2016-07-18 00:00:00,7992529.0
2016-07-19 00:00:00,8003788.0
2016-07-20 00:00:00,8015050.0
2016-07-21 00:00:00,8026140.0
2016-07-22 00:00:00,8036289.0
2016-07-23 00:00:00,8045809.0
2016-07-24 00:00:00,8055026.0
2016-07-25 00:00:00,8066462.0
2016-07-26 00:00:00,8078936.0
2016-07-27 00:00:00,8091577.0
2016-07-28 00:00:00,8102635.0
2016-07-29 00:00:00,8113706.0
2016-07-30 00:00:00,8123646.0
2016-07-31 00:00:00,8133328.0
2016-08-01 00:00:00,8144534.0
2016-08-02 00:00:00,8156634.0
2016-08-03 00:00:00,8171299.0
2016-08-04 00:00:00,8183832.0
2016-08-05 00:00:00,8195575.0
2016-08-06 00:00:00,8206927.0
2016-08-07 00:00:00,8217306.0
2016-08-08 00:00:00,8229264.0
2016-08-09 00:00:00,8241749.0
2016-08-10 00:00:00,8254418.0
2016-08-11 00:00:00,8267543.0
2016-08-12 00:00:00,8279883.0
2016-08-13 00:00:00,8291140.0
2016-08-14 00:00:00,8301680.0
2016-08-15 00:00:00,8313574.0
2016-08-16 00:00:00,8325833.0
2016-08-17 00:00:00,8338537.0
2016-08-18 00:00:00,8351388.0
2016-08-19 00:00:00,8364568.0
2016-08-20 00:00:00,8376577.0
2016-08-21 00:00:00,8389115.0
2016-08-22 00:00:00,8401982.0
2016-08-23 00:00:00,8415070.0
2016-08-24 00:00:00,8428792.0
2016-08-25 00:00:00,8442686.0
2016-08-26 00:00:00,8455634.0
2016-08-27 00:00:00,8467464.0
2016-08-28 00:00:00,8478843.0
2016-08-29 00:00:00,8491403.0
2016-08-30 00:00:00,8504950.0
2016-08-31 00:00:00,8518439.0
2016-09-01 00:00:00,8531200.0
2016-09-02 00:00:00,8543378.0
2016-09-03 00:00:00,8555129.0
2016-09-04 00:00:00,8567518.0
2016-09-05 00:00:00,8581092.0
2016-09-06 00:00:00,8594507.0
2016-09-07 00:00:00,8608331.0
2016-09-08 00:00:00,8622584.0
2016-09-09 00:00:00,8638044.0
2016-09-10 00:00:00,8651037.0
2016-09-11 00:00:00,8664649.0
2016-09-12 00:00:00,8679314.0
2016-09-13 00:00:00,8695382.0
2016-09-14 00:00:00,8709911.0
2016-09-15 00:00:00,8724302.0
2016-09-16 00:00:00,8738021.0
2016-09-17 00:00:00,8751604.0
2016-09-18 00:00:00,8765726.0
2016-09-19 00:00:00,8780464.0
2016-09-20 00:00:00,8796190.0
2016-09-21 00:00:00,8811616.0
2016-09-22 00:00:00,8827132.0
2016-09-23 00:00:00,8842084.0
2016-09-24 00:00:00,8856888.0
2016-09-25 00:00:00,8871122.0
2016-09-26 00:00:00,8886648.0
2016-09-27 00:00:00,8902585.0
2016-09-28 00:00:00,8918780.0
2016-09-29 00:00:00,8935190.0
2016-09-30 00:00:00,8951582.0
2016-10-01 00:00:00,8966606.0
2016-10-02 00:00:00,8982024.0
2016-10-03 00:00:00,8999227.0
2016-10-04 00:00:00,9017643.0
2016-10-05 00:00:00,9035936.0
2016-10-06 00:00:00,9054910.0
2016-10-07 00:00:00,9073828.0
2016-10-08 00:00:00,9091440.0
2016-10-09 00:00:00,9108907.0
2016-10-10 00:00:00,9126826.0
2016-10-11 00:00:00,9145528.0
2016-10-12 00:00:00,9157725.0
2016-10-13 00:00:00,9176966.0
2016-10-14 00:00:00,9194097.0
2016-10-15 00:00:00,9210781.0
2016-10-16 00:00:00,9226751.0
2016-10-17 00:00:00,9245471.0
2016-10-18 00:00:00,9263916.0
2016-10-19 00:00:00,9282480.0
2016-10-20 00:00:00,9300889.0
2016-10-21 00:00:00,9320717.0
2016-10-22 00:00:00,9338686.0
2016-10-23 00:00:00,9355461.0
2016-10-24 00:00:00,9374635.0
2016-10-25 00:00:00,9394920.0
2016-10-26 00:00:00,9414977.0
2016-10-27 00:00:00,9435917.0
2016-10-28 00:00:00,9456182.0
2016-10-29 00:00:00,9475770.0
2016-10-30 00:00:00,9494407.0
2016-10-31 00:00:00,9515530.0
2016-11-01 00:00:00,9537568.0
2016-11-02 00:00:00,9559978.0
2016-11-03 00:00:00,9583811.0
2016-11-04 00:00:00,9606933.0
2016-11-05 00:00:00,9628505.0
2016-11-06 00:00:00,9649024.0
2016-11-07 00:00:00,9672050.0
2016-11-08 00:00:00,9697458.0
2016-11-09 00:00:00,9722320.0
2016-11-10 00:00:00,9746096.0
2016-11-11 00:00:00,9769214.0
2016-11-12 00:00:00,9790842.0
2016-11-13 00:00:00,9812599.0
2016-11-14 00:00:00,9838510.0
2016-11-15 00:00:00,9864913.0
2016-11-16 00:00:00,9891997.0
2016-11-17 00:00:00,9919854.0
2016-11-18 00:00:00,9946870.0
2016-11-19 00:00:00,9971346.0
2016-11-20 00:00:00,9994601.0
2016-11-21 00:00:00,10021491
2016-11-22 00:00:00,10049437
2016-11-23 00:00:00,10076772
2016-11-24 00:00:00,10103701
2016-11-25 00:00:00,10130285
2016-11-26 00:00:00,10154293
2016-11-27 00:00:00,10176271
2016-11-28 00:00:00,10202673
2016-11-29 00:00:00,10229895
2016-11-30 00:00:00,10256870
2016-12-01 00:00:00,10285343
2016-12-02 00:00:00,10314020
2016-12-03 00:00:00,10339653
2016-12-04 00:00:00,10364680
2016-12-05 00:00:00,10394132
2016-12-06 00:00:00,10425918
2016-12-07 00:00:00,10456219
2016-12-08 00:00:00,10485871
2016-12-09 00:00:00,10513322
2016-12-10 00:00:00,10538568
2016-12-11 00:00:00,10560295
2016-12-12 00:00:00,10584824
2016-12-13 00:00:00,10609307
2016-12-14 00:00:00,10632616
2016-12-15 00:00:00,10654351
2016-12-16 00:00:00,10673581
2016-12-17 00:00:00,10691889
2016-12-18 00:00:00,10709127
2016-12-19 00:00:00,10730121
2016-12-20 00:00:00,10751122
2016-12-21 00:00:00,10772741
2016-12-22 00:00:00,10795676
2016-12-23 00:00:00,10818540
2016-12-24 00:00:00,10837759
2016-12-25 00:00:00,10853500
2016-12-26 00:00:00,10871791
2016-12-27 00:00:00,10893168
2016-12-28 00:00:00,10916410
2016-12-29 00:00:00,10939859
2016-12-30 00:00:00,10961809
2016-12-31 00:00:00,10980042
2017-01-01 00:00:00,10992405
2017-01-02 00:00:00,11012695
2017-01-03 00:00:00,11037425
2017-01-04 00:00:00,11064485
2017-01-05 00:00:00,11093917
2017-01-06 00:00:00,11120224
2017-01-07 00:00:00,11143505
2017-01-08 00:00:00,11166355
2017-01-09 00:00:00,11190916
2017-01-10 00:00:00,11215879
2017-01-11 00:00:00,11240523
2017-01-12 00:00:00,11265681
2017-01-13 00:00:00,11288454
2017-01-14 00:00:00,11310109
2017-01-15 00:00:00,11331053
2017-01-16 00:00:00,11353117
2017-01-17 00:00:00,11375964
2017-01-18 00:00:00,11398826
2017-01-19 00:00:00,11421609
2017-01-20 00:00:00,11442446
2017-01-21 00:00:00,11462398
2017-01-22 00:00:00,11482516
2017-01-23 00:00:00,11505686
2017-01-24 00:00:00,11527544
2017-01-25 00:00:00,11549342
2017-01-26 00:00:00,11570337
2017-01-27 00:00:00,11591356
2017-01-28 00:00:00,11611762
2017-01-29 00:00:00,11631342
2017-01-30 00:00:00,11653093
2017-01-31 00:00:00,11676600
2017-02-01 00:00:00,11699453
2017-02-02 00:00:00,11722629
2017-02-03 00:00:00,11744910
2017-02-04 00:00:00,11766900
2017-02-05 00:00:00,11788875
2017-02-06 00:00:00,11811899
2017-02-07 00:00:00,11835231
2017-02-08 00:00:00,11857977
2017-02-09 00:00:00,11880316
2017-02-10 00:00:00,11901993
2017-02-11 00:00:00,11922903
2017-02-12 00:00:00,11943593
2017-02-13 00:00:00,11965919
2017-02-14 00:00:00,11987965
2017-02-15 00:00:00,12009557
2017-02-16 00:00:00,12032820
2017-02-17 00:00:00,12054884
2017-02-18 00:00:00,12076602
2017-02-19 00:00:00,12096833
2017-02-20 00:00:00,12119410
2017-02-21 00:00:00,12142735
2017-02-22 00:00:00,12165897
2017-02-23 00:00:00,12189249
2017-02-24 00:00:00,12212766
2017-02-25 00:00:00,12237328
2017-02-26 00:00:00,12259730
2017-02-27 00:00:00,12284096
2017-02-28 00:00:00,12309173
2017-03-01 00:00:00,12331325
2017-03-02 00:00:00,12352066
2017-03-03 00:00:00,12373763
2017-03-04 00:00:00,12393892
2017-03-05 00:00:00,12413383
2017-03-06 00:00:00,12433044
2017-03-07 00:00:00,12453478
2017-03-08 00:00:00,12473057
2017-03-09 00:00:00,12492436
2017-03-10 00:00:00,12511003
2017-03-11 00:00:00,12528656
2017-03-12 00:00:00,12545254
2017-03-13 00:00:00,12563447
2017-03-14 00:00:00,12581602
2017-03-15 00:00:00,12599825
2017-03-16 00:00:00,12619042
2017-03-17 00:00:00,12639003
2017-03-18 00:00:00,12656618
2017-03-19 00:00:00,12673511
2017-03-20 00:00:00,12691470
2017-03-21 00:00:00,12709860
2017-03-22 00:00:00,12728925
2017-03-23 00:00:00,12748358
2017-03-24 00:00:00,12767467
2017-03-25 00:00:00,12785093
2017-03-26 00:00:00,12800919
2017-03-27 00:00:00,12818152
2017-03-28 00:00:00,12836242
2017-03-29 00:00:00,12853530
2017-03-30 00:00:00,12870915
2017-03-31 00:00:00,12888060
2017-04-01 00:00:00,12905207
2017-04-02 00:00:00,12921247
2017-04-03 00:00:00,12938853
2017-04-04 00:00:00,12957995
2017-04-05 00:00:00,12976517
2017-04-06 00:00:00,12995484
2017-04-07 00:00:00,13013593
2017-04-08 00:00:00,13029552
2017-04-09 00:00:00,13044154
2017-04-10 00:00:00,13060756
2017-04-11 00:00:00,13078292
2017-04-12 00:00:00,13095200
2017-04-13 00:00:00,13112613
2017-04-14 00:00:00,13129058
2017-04-15 00:00:00,13143766
2017-04-16 00:00:00,13157931
2017-04-17 00:00:00,13174781
2017-04-18 00:00:00,13193214
2017-04-19 00:00:00,13210892
2017-04-20 00:00:00,13228570
2017-04-21 00:00:00,13245107
2017-04-22 00:00:00,13261327
2017-04-23 00:00:00,13277259
2017-04-24 00:00:00,13295023
2017-04-25 00:00:00,13313643
2017-04-26 00:00:00,13332202
2017-04-27 00:00:00,13350970
2017-04-28 00:00:00,13369326
2017-04-29 00:00:00,13386157
2017-04-30 00:00:00,13401555
2017-05-01 00:00:00,13419295
2017-05-02 00:00:00,13439324
2017-05-03 00:00:00,13459052
2017-05-04 00:00:00,13480936
2017-05-05 00:00:00,13503518
2017-05-06 00:00:00,13523985
2017-05-07 00:00:00,13542684
2017-05-08 00:00:00,13564021
2017-05-09 00:00:00,13587310
2017-05-10 00:00:00,13611433
2017-05-11 00:00:00,13634929
2017-05-12 00:00:00,13658065
2017-05-13 00:00:00,13681547
2017-05-14 00:00:00,13703661
2017-05-15 00:00:00,13728806
2017-05-16 00:00:00,13754432
2017-05-17 00:00:00,13780592
2017-05-18 00:00:00,13805977
2017-05-19 00:00:00,13831826
2017-05-20 00:00:00,13855725
2017-05-21 00:00:00,13880971
2017-05-22 00:00:00,13911418
2017-05-23 00:00:00,13948531
2017-05-24 00:00:00,13984593
2017-05-25 00:00:00,14025468
2017-05-26 00:00:00,14060114
2017-05-27 00:00:00,14086510
2017-05-28 00:00:00,14109805
2017-05-29 00:00:00,14137661
2017-05-30 00:00:00,14164776
2017-05-31 00:00:00,14191518
2017-06-01 00:00:00,14218866
2017-06-02 00:00:00,14245077
2017-06-03 00:00:00,14268112
2017-06-04 00:00:00,14290963
2017-06-05 00:00:00,14316618
2017-06-06 00:00:00,14345800
2017-06-07 00:00:00,14375398
2017-06-08 00:00:00,14401811
2017-06-09 00:00:00,14427305
2017-06-10 00:00:00,14451045
2017-06-11 00:00:00,14474934
2017-06-12 00:00:00,14504349
2017-06-13 00:00:00,14533360
2017-06-14 00:00:00,14559986
2017-06-15 00:00:00,14587846
2017-06-16 00:00:00,14613236
2017-06-17 00:00:00,14635922
2017-06-18 00:00:00,14657444
2017-06-19 00:00:00,14683513
2017-06-20 00:46:28,14688367
2017-06-20 07:16:33,14694953
2017-06-20 11:04:47,14699668
2017-06-20 12:54:05,14699668
2017-06-20 19:54:00,14710694
2017-06-21 02:53:46,14718938
2017-06-21 09:53:53,14722675
2017-06-21 11:35:16,14727682
2017-06-22 00:36:02,14743221
2017-06-22 07:05:55,14749723
2017-06-22 14:06:19,14759006
2017-06-22 21:06:05,14764640
2017-06-23 04:05:54,14772739
2017-06-23 11:06:05,14779795
2017-06-23 18:06:10,14789322
2017-06-24 01:06:24,14793656
2017-06-24 08:05:56,14799901
2017-06-24 15:05:59,14807709
2017-06-24 22:06:04,14816623
2017-06-25 05:05:57,14819306
2017-06-25 12:05:56,14825400
2017-06-25 19:05:59,14833004
2017-06-26 02:05:50,14840880
2017-06-26 09:05:59,14848277
2017-06-26 16:05:58,14853110
2017-06-26 23:06:08,14864429
2017-06-27 06:05:55,14871420
2017-06-27 13:05:58,14880156
2017-06-27 20:06:04,14885151
2017-06-28 03:05:58,14894147
2017-06-28 10:05:57,14901467
2017-06-28 15:50:50,14910983
2017-06-29 12:50:30,14931956
2017-06-30 09:50:28,14954030
2017-06-30 12:32:42,14955402
2017-06-30 15:02:39,14960484
2017-06-30 22:02:41,14968009
2017-07-01 05:02:33,14970868
2017-07-01 12:02:34,14977199
2017-07-01 19:02:39,14986154
2017-07-02 02:02:27,14992878
2017-07-02 09:02:32,14995279
2017-07-02 16:02:45,15003015
2017-07-02 23:02:43,15012452
2017-07-03 06:02:31,15018195
2017-07-03 13:03:16,15022294
2017-07-03 13:36:36,15022294
2017-07-03 20:36:30,15035619
2017-07-04 03:36:23,15039309
2017-07-04 10:36:27,15046730
2017-07-04 16:31:26,15057915
2017-07-04 23:31:13,15063641
2017-07-05 06:31:02,15069931
2017-07-05 13:31:06,15077586
2017-07-05 14:24:32,15077586
2017-07-05 21:24:32,15087440
2017-07-06 04:24:23,15093905
2017-07-06 11:24:28,15097400
2017-07-06 18:24:33,15107585
2017-07-07 01:24:22,15115481
2017-07-07 08:24:30,15122032
2017-07-07 15:24:28,15131111
2017-07-07 22:24:32,15139904
2017-07-08 05:24:25,15145156
2017-07-08 12:24:27,15152958
2017-07-08 19:24:42,15157826
2017-07-09 02:24:30,15165343
2017-07-09 09:24:30,15170590
2017-07-09 16:24:32,15186499
2017-07-09 23:24:31,15193479
2017-07-10 06:24:26,15198322
2017-07-10 13:24:31,15202475
2017-07-10 20:24:35,15212409
2017-07-11 03:24:26,15219920
2017-07-11 17:24:34,15235621
2017-07-12 00:24:53,15244697
2017-07-12 07:24:28,15250740
2017-07-12 14:24:30,15255444
2017-07-12 21:24:35,15265268
2017-07-13 04:24:25,15271519
2017-07-13 11:24:29,15277283
2017-08-01 09:57:13,15682554
2017-08-01 10:51:58,15682554
2017-08-01 11:54:01,15682554
2017-08-01 15:12:36,15686764
2017-08-01 22:12:39,15695040
2017-08-02 05:12:24,15697467
2017-08-02 12:12:32,15703916
2017-08-02 19:12:30,15713084
2017-08-03 02:12:25,15719794
2017-08-03 09:12:28,15722924
2017-08-03 16:12:41,15730555
2017-08-03 23:12:34,15738376
2017-08-04 06:12:24,15743386
2017-08-04 13:12:29,15746619
2017-08-04 20:12:38,15754533
2017-08-05 03:12:28,15760171
2017-08-05 10:12:29,15766190
2017-08-05 17:12:36,15770223
2017-08-06 00:42:23,15778386
2017-08-06 07:12:25,15783380
2017-08-06 14:12:45,15790706
2017-08-06 21:12:33,15795255
2017-08-07 04:12:20,15801616
2017-08-07 11:12:41,15808339
2017-08-07 18:12:32,15818738
2017-08-08 01:12:54,15823203
2017-08-08 08:12:28,15829213
2017-08-08 15:12:37,15838798
2017-08-08 22:12:44,15848250
2017-08-09 05:12:45,15851410
2017-08-09 12:12:32,15858633
2017-08-09 19:12:58,15868134
2017-08-10 02:13:31,15874558
2017-08-10 09:13:28,15880864
2017-08-10 16:13:51,15885221
2017-08-10 23:14:07,15895133
2017-08-11 06:13:26,15901042
2017-08-11 13:13:55,15908590
2017-08-11 20:13:41,15913531
2017-08-12 03:13:25,15920612
2017-08-12 10:13:34,15926732
2017-08-12 17:13:36,15936256
2017-08-13 00:13:54,15940845
2017-08-13 07:13:32,15946664
2017-08-13 14:13:36,15956210
2017-08-13 21:13:39,15967771
2017-08-14 04:13:28,15971257
2017-08-14 11:13:34,15979059
2017-08-14 18:13:48,15992082
2017-08-15 01:13:43,16003014
2017-08-15 08:13:43,16007106
2017-08-15 15:13:42,16017874
2017-08-15 22:13:54,16030405
2017-08-16 05:13:42,16038133
2017-08-16 12:13:39,16042310
2017-08-16 19:13:50,16057651
2017-08-17 02:13:41,16063996
2017-08-17 09:13:38,16069569
2017-08-17 16:13:54,16081306
2017-08-17 23:13:53,16093158
2017-08-18 06:13:39,16096945
2017-08-18 13:13:53,16106428
2017-08-18 14:55:55,16106428
2017-08-18 21:55:46,16118648
2017-08-19 04:55:30,16126574
2017-08-19 11:55:45,16135274
2017-08-19 18:55:43,16141088
2017-08-20 01:55:28,16150740
2017-08-20 08:55:34,16157467
2017-08-20 15:55:35,16168272
2017-08-20 22:55:41,16174158
2017-08-21 05:55:28,16182111
2017-08-21 12:55:54,16191371
2017-08-21 19:55:43,16203923
2017-08-22 02:55:38,16208628
2017-08-22 09:55:31,16215968
2017-08-22 16:55:37,16224994
2017-08-22 23:55:44,16236142
2017-08-23 06:55:34,16242952
2017-08-23 13:55:34,16253048
2017-08-23 14:17:03,16253048
2017-08-23 14:25:51,16253048
2017-08-23 14:47:36,16254090
2017-08-23 15:34:07,16254090
2017-08-23 22:34:03,16264821
2017-08-24 05:33:57,16270542
2017-08-24 12:34:07,16274815
2017-08-24 19:34:15,16285960
2017-08-25 02:33:56,16294481
2017-08-25 09:34:03,16302251
2017-08-25 16:34:21,16307470
2017-08-25 23:34:14,16318023
2017-08-26 06:33:53,16323944
2017-08-26 13:34:07,16332242
2017-08-26 20:34:11,16337365
2017-08-27 03:33:56,16344884
2017-08-27 10:34:11,16351188
2017-08-27 17:34:11,16362216
2017-08-28 01:03:55,16367324
2017-08-28 07:34:14,16374073
2017-08-28 14:34:06,16384384
2017-08-28 21:34:24,16396136
2017-08-29 04:33:52,16399787
2017-08-29 10:10:37,16408192
2017-08-29 17:10:28,16413878
2017-08-30 00:10:21,16426269
2017-08-30 07:10:35,16434123
2017-08-30 14:10:33,16445528
2017-08-30 21:10:39,16452279
2017-08-31 04:10:31,16461924
2017-08-31 11:10:32,16470960
2017-08-31 18:10:45,16483747
2017-09-01 01:10:21,16489597
2017-09-01 08:10:33,16497352
2017-09-01 15:10:44,16507629
2017-09-01 15:42:11,16507629
2017-09-01 22:41:44,16519724
2017-09-02 05:41:34,16527140
2017-09-02 12:41:40,16532034
2017-09-02 19:41:44,16543820
2017-09-03 02:41:32,16553515
2017-09-03 09:41:34,16561196
2017-09-03 16:41:42,16566599
2017-09-03 23:41:36,16577787
2017-09-04 06:41:28,16584713
2017-09-04 13:41:34,16597162
2017-09-04 20:41:43,16608847
2017-09-05 03:41:34,16613065
2017-09-05 10:41:43,16621834
2017-09-05 17:41:41,16633880
2017-09-06 01:11:30,16643653
2017-09-06 07:41:39,16647071
2017-09-06 10:28:03,16651362
2017-09-06 16:48:24,16660188
2017-09-06 23:48:07,16670992
2017-09-07 06:48:40,16677489
2017-09-07 13:48:29,16687556
2017-09-07 20:48:06,16699899
2017-09-08 03:47:56,16706404
2017-09-08 10:47:54,16710035
2017-09-08 17:48:05,16720764
2017-09-09 00:48:19,16729953
2017-09-09 07:48:01,16736833
2017-09-09 14:47:56,16746608
2017-09-09 21:48:11,16751705
2017-09-10 04:47:46,16758445
2017-09-10 11:47:49,16766045
2017-09-10 18:47:55,16775085
2017-09-11 01:47:41,16782605
2017-09-11 08:47:56,16785767
2017-09-11 09:42:33,16790164
2017-09-11 16:42:41,16795714
2017-09-11 23:42:36,16806025
2017-09-12 06:42:30,16813285
2017-09-12 09:39:53,16817240
2017-09-12 09:59:04,16817240
2017-09-12 10:10:49,16817240
2017-09-12 10:57:58,16819865
2017-09-12 17:57:22,16829685
2017-09-13 00:57:04,16834336
2017-09-13 07:57:10,16840586
2017-09-13 10:30:26,16845576
2017-09-13 17:30:37,16850903
2017-09-14 00:30:37,16860956
2017-09-14 07:30:07,16866054
2017-09-14 13:05:07,16870043
2017-09-14 13:09:22,16870043
2017-09-14 20:09:29,16881324
2017-09-15 03:09:07,16889368
2017-09-15 09:57:51,16896609
2017-09-15 10:28:27,16896609
2017-09-15 10:51:34,16896609
2017-09-20 15:13:32,17027197
2017-09-20 22:13:24,17032335
2017-09-21 05:13:20,17038734
2017-09-21 12:13:14,17046258
2017-09-21 19:13:19,17056108
2017-09-22 02:13:07,17060070
2017-09-22 09:13:13,17065650
2017-09-22 16:13:16,17073058
2017-09-22 23:13:21,17081938
2017-09-23 06:13:07,17086286
2017-09-23 13:13:10,17093407
2017-09-23 20:13:18,17097854
2017-09-24 03:13:06,17104249
2017-09-24 10:13:08,17109469
2017-09-24 17:13:12,17118097
2017-09-25 00:43:00,17124715
2017-09-25 07:13:09,17127302
2017-09-25 14:13:21,17134865
2017-09-25 21:13:16,17144987
2017-09-26 04:13:08,17148045
2017-09-26 11:13:17,17154123
2017-09-26 18:13:29,17162305
2017-09-27 01:13:37,17170241
2017-09-27 08:13:18,17175004
2017-09-27 08:46:21,17175004
2017-09-27 08:55:46,17175004
2017-09-27 15:55:45,17182806
2017-09-27 22:55:48,17191431
2017-09-28 05:55:34,17197533
2017-09-28 09:13:08,17201375
2017-09-28 10:28:42,17201375
2017-09-28 10:29:49,17201375
2017-09-28 12:00:11,17201375
2017-09-28 12:38:07,17205074
2017-09-28 12:39:13,17205074
2017-09-28 19:39:12,17209910
2017-09-29 00:19:06,17217661
2017-09-29 07:19:00,17222399
2017-09-29 14:19:11,17226168
2017-09-29 21:19:10,17235273
2017-09-30 04:18:54,17240284
2017-09-30 11:18:58,17246293
2017-09-30 18:19:01,17255044
2017-10-01 01:18:51,17258781
2017-10-01 08:18:52,17263684
2017-10-01 15:19:02,17270016
2017-10-01 22:18:59,17277818
2017-10-02 05:19:00,17283362
2017-10-02 12:19:00,17289936
2017-10-02 19:19:03,17300066
2017-10-03 02:18:57,17305813
2017-10-03 09:19:03,17308701
2017-10-03 10:13:21,17312457
2017-10-03 10:28:09,17312457
2017-10-03 10:39:40,17312457
2017-10-03 10:41:40,17312457
2017-10-04 00:41:56,17326853
2017-10-04 07:41:32,17332159
2017-10-04 10:28:38,17332159
2017-10-04 17:28:29,17340199
2017-10-05 00:28:21,17348766
2017-10-05 07:28:22,17353315
2017-10-05 14:28:24,17361174
2017-10-05 21:28:31,17369309
2017-10-06 04:28:19,17374649
2017-10-06 11:28:22,17377696
2017-10-06 18:28:28,17385625
2017-10-07 01:28:18,17393032
2017-10-07 08:28:26,17397941
2017-10-07 15:28:24,17404506
2017-10-07 22:28:28,17411895
2017-10-08 05:28:19,17417054
2017-10-08 12:28:22,17423034
2017-10-08 19:28:25,17431605
2017-10-09 02:28:17,17439309
2017-10-09 09:28:24,17442260
2017-10-09 16:28:32,17452385
2017-10-09 23:28:34,17462897
2017-10-10 06:28:22,17468930
2017-10-10 10:06:55,17468930
2017-10-10 10:08:43,17468930
2017-10-10 10:14:44,17468930
2017-10-10 17:14:38,17478003
2017-10-11 00:14:59,17486941
2017-10-11 07:14:32,17492976
2017-10-11 09:37:46,17497046
2017-10-11 09:51:24,17497046
2017-10-11 10:36:07,17497046
2017-10-11 17:36:09,17506205
2017-10-12 00:36:00,17515831
2017-10-12 07:36:02,17519354
2017-10-12 14:36:07,17529679
2017-10-12 21:36:20,17544385
2017-10-13 04:36:06,17555548
2017-10-13 11:36:14,17561318
2017-10-13 18:36:13,17575874
2017-10-14 01:36:04,17587016
2017-10-14 08:36:22,17595050
2017-10-14 15:36:14,17605668
2017-10-14 22:36:17,17615655
2017-10-15 05:36:05,17619147
2017-10-15 12:36:05,17626401
2017-10-15 19:36:09,17639093
2017-10-16 02:35:58,17649964
2017-10-16 09:36:10,17659090
2017-10-16 16:36:08,17665382
2017-10-16 23:36:13,17679168
2017-10-17 06:36:04,17687356
2017-10-17 13:36:09,17698751
2017-10-17 20:36:23,17705898
2017-10-18 03:36:04,17715936
2017-10-18 10:36:21,17724522
2017-10-18 17:36:27,17736481
2017-10-19 00:35:57,17747523
2017-10-19 07:36:05,17750996
2017-10-19 14:36:17,17762488
2017-10-19 21:36:15,17776255
2017-10-20 04:36:05,17785376
2017-10-20 11:36:09,17790238
2017-10-20 18:36:16,17804248
2017-10-21 01:36:52,17817092
2017-10-21 08:37:21,17827152
2017-10-21 15:20:50,17834066
2017-10-21 22:21:04,17847237
2017-10-22 05:20:37,17856907
2017-10-22 12:20:46,17868013
2017-10-22 19:20:38,17882627
2017-10-23 02:20:50,17888334
2017-10-23 09:20:38,17896265
2017-10-23 16:20:54,17910984
2017-10-23 23:20:59,17924432
2017-10-24 06:20:44,17933621
2017-10-24 10:12:58,17939646
2017-10-24 17:13:03,17947154
2017-10-25 00:12:47,17961073
2017-10-25 07:12:58,17968404
2017-10-25 10:03:55,17973590
2017-10-25 12:43:50,17973590
2017-10-25 19:43:52,17985489
2017-10-26 02:43:35,17996814
2017-10-26 09:43:42,18006105
2017-10-26 10:04:44,18006105
2017-10-26 12:54:06,18012509
2017-10-26 19:54:01,18019904
2017-10-27 02:53:43,18032384
2017-10-27 09:54:04,18041288
2017-10-27 16:54:10,18053981
2017-10-27 23:54:00,18059350
2017-10-28 06:53:51,18066019
2017-10-28 13:53:52,18074932
2017-10-28 20:53:51,18085974
2017-10-29 03:53:49,18089582
2017-10-29 10:54:11,18096127
2017-10-29 17:54:01,18107092
2017-10-30 00:53:47,18116914
2017-10-30 07:53:50,18120353
2017-10-30 14:53:55,18130912
2017-10-30 21:54:05,18174840
2017-10-31 04:53:58,18183012
2017-10-31 11:53:54,18187328
2017-10-31 18:54:16,18201731
2017-11-01 01:53:44,18218118
2017-11-01 08:53:54,18226988
2017-11-01 15:54:06,18234008
2017-11-01 22:54:08,18250024
2017-11-02 05:53:55,18260338
2017-11-02 12:54:10,18275397
2017-11-02 19:54:03,18292760
2017-11-03 02:53:44,18300506
2017-11-03 09:53:56,18311040
2017-11-03 15:41:02,18325695
2017-11-03 17:20:37,18325695
2017-11-04 00:50:31,18342384
2017-11-04 07:20:35,18351659
2017-11-04 14:20:28,18362896
2017-11-04 21:20:46,18377896
2017-11-05 04:20:19,18385256
2017-11-05 11:20:29,18390054
2017-11-05 18:20:35,18405132
2017-11-06 01:20:15,18418937
2017-11-06 08:20:23,18428128
2017-11-06 15:20:35,18435363
2017-11-06 22:20:59,18452011
2017-11-07 05:20:30,18461009
2017-11-07 10:49:49,18471121
2017-11-07 17:49:43,18484924
2017-11-08 00:49:36,18495321
2017-11-08 07:49:43,18504789
2017-11-08 12:59:19,18511288
2017-11-08 19:59:21,18527962
2017-11-09 02:59:09,18534516
2017-11-09 09:59:28,18543475
2017-11-09 16:59:26,18557651
2017-11-09 23:59:25,18570652
2017-11-10 06:59:04,18574635
2017-11-10 13:59:22,18584907
2017-11-10 15:05:02,18584907
2017-11-10 22:04:30,18599293
2017-11-11 05:04:05,18607489
2017-11-11 12:04:22,18616356
2017-11-11 19:04:09,18630876
2017-11-12 02:04:07,18639620
2017-11-12 09:04:04,18643149
2017-11-12 11:20:00,18648418
2017-11-12 18:19:55,18662085
2017-11-13 01:19:50,18672124
2017-11-13 08:19:56,18679224
2017-11-13 15:20:00,18685373
2017-11-13 15:41:35,18692769
2017-11-13 15:42:29,18692769
2017-11-13 22:42:24,18704741
2017-11-14 05:42:24,18708788
2017-11-14 12:42:41,18718500
2017-11-14 19:42:32,18732076
2017-11-15 02:42:18,18741746
2017-11-15 09:42:44,18745738
2017-11-15 16:42:30,18757563
2017-11-15 23:42:54,18770376
2017-11-16 06:42:28,18778752
2017-11-16 13:42:26,18790557
2017-11-16 20:42:36,18797412
2017-11-17 03:42:38,18808887
2017-11-17 10:42:36,18818280
2017-11-17 17:42:33,18832344
2017-11-18 01:12:10,18843366
2017-11-18 07:42:15,18850175
2017-11-18 12:31:14,18855103
2017-11-18 12:42:45,18855103
2017-11-18 12:52:07,18855103
2017-11-18 19:52:35,18866359
2017-11-19 02:52:27,18875854
2017-11-19 09:52:16,18883501
2017-11-19 16:52:33,18889321
2017-11-19 23:52:23,18902058
2017-11-20 06:52:20,18910465
2017-11-20 13:52:29,18922201
2017-11-20 20:52:54,18937477
2017-11-21 03:52:16,18948510
2017-11-21 10:52:24,18958748
2017-11-21 17:52:43,18966444
2017-11-22 00:52:28,18981689
2017-11-22 07:52:47,18990446
2017-11-22 14:52:35,19004440
2017-11-22 21:52:41,19012471
2017-11-23 04:52:32,19022798
2017-11-23 11:52:23,19033740
2017-11-23 18:52:43,19046316
2017-11-24 01:52:15,19057175
2017-11-24 08:52:18,19060948
2017-11-24 15:53:02,19072913
2017-11-24 22:52:34,19087129
2017-11-25 05:52:24,19090935
2017-11-25 12:52:38,19100508
2017-11-25 15:20:31,19107369
2017-11-25 21:24:38,19114912
2017-11-26 04:24:24,19125153
2017-11-26 11:24:28,19134857
2017-11-26 18:24:43,19152189
2017-11-27 01:24:35,19165854
2017-11-27 08:25:06,19171435
2017-11-27 15:25:00,19190597
2017-11-27 22:24:42,19215073
2017-11-28 05:24:40,19229833
2017-11-28 12:24:49,19247691
2017-11-28 19:24:53,19261417
2017-11-29 02:24:28,19284089
2017-11-29 09:24:49,19302078
2017-11-29 16:24:40,19336323
2017-11-29 23:24:58,19373676
2017-11-30 06:24:51,19390594
2017-11-30 11:36:22,19401662
2017-11-30 18:36:16,19430457
2017-12-01 01:36:17,19455916
2017-12-01 08:36:12,19471445
2017-12-01 14:47:46,19479107
2017-12-01 21:48:09,19503068
2017-12-02 04:47:38,19519227
2017-12-02 11:47:47,19535256
2017-12-02 18:47:51,19546323
2017-12-03 01:47:34,19565470
2017-12-03 08:47:42,19577406
2017-12-03 15:47:55,19597900
2017-12-03 22:47:49,19610796
2017-12-04 05:47:48,19627621
2017-12-04 12:47:36,19643241
2017-12-04 16:41:55,19655737
2017-12-04 16:46:17,19655737
2017-12-04 23:46:24,19682034
2017-12-05 06:46:11,19697439
2017-12-05 13:46:36,19707618
2017-12-05 16:03:03,19720581
2017-12-05 16:18:09,19720581
2017-12-05 23:18:17,19746602
2017-12-06 06:17:57,19763633
2017-12-06 13:18:15,19786919
2017-12-06 20:18:26,19820798
2017-12-07 03:17:50,19834985
2017-12-07 10:18:01,19859625
2017-12-07 11:31:05,19859625
2017-12-07 14:52:20,19880901
2017-12-07 21:52:12,19936050
2017-12-08 04:51:48,19971574
2017-12-08 05:23:27,19971574
2017-12-08 12:23:32,20006091
2017-12-08 19:23:35,20043920
2017-12-08 20:52:23,20043920
2017-12-09 03:51:57,20068797
2017-12-09 10:52:08,20079390
2017-12-09 17:52:11,20108132
2017-12-10 00:52:11,20136102
2017-12-10 07:52:16,20152052
2017-12-10 14:52:24,20163837
2017-12-10 21:52:31,20193317
2017-12-11 04:51:59,20213998
2017-12-11 11:52:22,20238293
2017-12-11 18:53:04,20254513
2017-12-11 23:34:59,20287315
2017-12-12 06:34:22,20297615
2017-12-12 13:34:33,20322697
2017-12-12 14:03:28,20322697
2017-12-12 21:03:39,20361642
2017-12-13 04:02:58,20390317
2017-12-13 11:03:27,20401585
2017-12-13 18:03:38,20433361
2017-12-14 01:03:05,20465954
2017-12-14 08:03:43,20482767
2017-12-14 15:04:03,20506203
2017-12-14 22:04:00,20538020
2017-12-15 05:03:21,20555567
2017-12-15 12:03:49,20576914
2017-12-15 19:04:05,20591507
2017-12-16 02:03:03,20616047
2017-12-16 09:03:30,20628781
2017-12-16 16:03:50,20651428
2017-12-16 23:03:44,20675865
2017-12-17 06:03:15,20693380
2017-12-17 13:03:50,20705220
2017-12-17 20:03:51,20733777
2017-12-18 03:03:10,20760659
2017-12-18 10:03:55,20779459
2017-12-18 17:03:54,20805823
2017-12-18 22:20:11,20822024
2017-12-19 05:18:58,20843609
2017-12-19 12:19:10,20867800
2017-12-19 19:19:41,20883724
2017-12-20 02:18:50,20912538
2017-12-20 09:19:12,20929232
2017-12-20 16:19:49,20956128
2017-12-20 23:19:26,20979889
2017-12-21 06:18:54,20997662
2017-12-21 13:19:25,21010236
2017-12-21 18:30:31,21038234
2017-12-22 01:29:04,21050400
2017-12-22 08:29:30,21065570
2017-12-22 15:30:04,21090203
2017-12-22 17:02:36,21100453
2017-12-23 00:30:47,21112864
2017-12-23 07:00:50,21127708
2017-12-23 14:00:41,21144598
2017-12-23 21:00:46,21165559
2017-12-24 04:00:25,21173119
2017-12-24 11:00:33,21184329
2017-12-24 18:00:52,21204476
2017-12-25 01:00:28,21218301
2017-12-25 08:00:47,21222664
2017-12-25 15:00:58,21234365
2017-12-25 22:01:09,21249422
2017-12-26 05:00:35,21261978
2017-12-26 12:00:48,21272882
2017-12-26 19:00:42,21291660
2017-12-27 02:00:27,21307059
2017-12-27 09:00:44,21317971
2017-12-27 16:00:51,21326723
2017-12-27 23:01:02,21346025
2017-12-28 06:00:39,21358221
2017-12-28 13:00:50,21372498
2017-12-28 20:00:59,21388964
2017-12-29 03:00:36,21400134
2017-12-29 10:00:48,21405441
2017-12-29 17:01:02,21420747
2017-12-30 00:30:38,21437224
2017-12-30 07:00:44,21447943
2017-12-30 14:00:48,21460449
2017-12-30 21:00:59,21468633
2017-12-31 01:11:41,21475697
2017-12-31 08:11:52,21484732
2017-12-31 15:12:03,21495718
2017-12-31 22:12:05,21506448
2018-01-01 05:11:42,21509704
2018-01-01 12:11:50,21516950
2018-01-01 19:12:02,21529173
2018-01-02 02:11:32,21539833
2018-01-02 09:11:46,21544410
2018-01-02 16:12:00,21559120
2018-01-02 23:12:12,21580676
2018-01-03 06:11:55,21593351
2018-01-03 13:12:04,21608579
2018-01-03 20:12:15,21618910
2018-01-04 03:11:44,21636969
2018-01-04 10:12:05,21648587
2018-01-04 17:12:45,21669210
2018-01-05 00:41:48,21689808
2018-01-05 07:11:56,21696080
2018-01-05 14:12:09,21711798
2018-01-05 21:12:14,21732800
2018-01-06 04:11:36,21747072
2018-01-06 11:11:55,21753316
2018-01-06 18:12:05,21771416
2018-01-07 01:11:41,21789499
2018-01-07 08:12:03,21801290
2018-01-07 15:12:03,21809472
2018-01-07 22:12:25,21829648
2018-01-08 05:11:50,21843667
2018-01-08 12:01:02,21859018
2018-01-08 19:01:12,21868507
2018-01-09 02:01:00,21885892
2018-01-09 09:01:24,21898226
2018-01-09 16:01:23,21915902
2018-01-09 23:02:30,21935758
2018-01-10 06:01:31,21942468
2018-01-10 13:02:54,21956969
2018-01-10 20:01:41,21976144
2018-01-11 03:00:49,21990398
2018-01-11 10:01:45,22002952
2018-01-11 11:00:12,22002952
2018-01-11 11:01:48,22002952
2018-01-11 11:06:02,22002952
2018-01-11 18:06:55,22020852
2018-01-12 01:05:57,22035845
2018-01-12 08:06:17,22045907
2018-01-12 15:06:20,22053330
2018-01-12 22:06:55,22069779
2018-01-13 05:06:53,22080990
2018-01-13 12:06:26,22094305
2018-01-13 19:06:43,22109365
2018-01-14 02:06:01,22116500
2018-01-14 09:06:14,22125940
2018-01-14 16:06:21,22139819
2018-01-14 23:06:34,22154863
2018-01-15 06:05:54,22159448
2018-01-15 13:06:45,22170670
2018-01-15 20:06:07,22187430
2018-01-16 03:05:38,22199550
2018-01-16 10:06:17,22204193
2018-01-16 17:06:15,22218789
2018-01-17 00:35:55,22235160
2018-01-17 07:06:21,22245436
2018-01-17 14:06:36,22258673
2018-01-17 21:06:54,22274018
2018-01-18 04:06:10,22280452
2018-01-18 11:07:19,22290966
2018-01-18 18:06:11,22305052
2018-01-19 01:05:50,22320556
2018-01-19 08:06:00,22330549
2018-01-19 15:06:28,22336849
2018-01-19 22:06:29,22349343
2018-01-20 05:06:15,22359417
2018-01-20 12:06:14,22369102
2018-01-20 19:06:30,22381078
2018-01-21 02:06:02,22391361
2018-01-21 09:06:08,22398194
2018-01-21 16:06:23,22408411
2018-01-21 23:06:37,22421059
2018-01-22 06:06:03,22425024
2018-01-22 13:09:00,22434522
2018-01-22 20:06:38,22448486
2018-01-22 22:21:47,22448486
2018-01-22 22:24:04,22448486
2018-01-22 22:27:26,22454275
2018-01-23 05:26:41,22458265
2018-01-23 12:26:50,22467353
2018-01-23 17:48:59,22473740
2018-01-23 18:11:33,22473740
2018-01-24 01:10:40,22485989
2018-01-24 08:10:42,22492500
2018-01-24 13:09:08,22497044
2018-01-24 20:08:51,22508835
2018-01-25 03:10:17,22518982
2018-01-25 10:08:15,22526904
2018-01-25 17:08:44,22538923
2018-01-26 00:38:20,22544589
2018-01-26 07:08:50,22552040
2018-01-26 14:08:36,22561848
2018-01-26 21:08:46,22573632
