2016-04-24 10:00:00,2.2
2016-04-24 20:15:00,2.15
2016-04-25 06:30:00,2.4
2016-04-25 16:45:00,2.7
2016-04-26 03:00:00,2.8
2016-04-26 13:15:00,3.283333333333333
2016-04-26 23:30:00,2.816666666666667
2016-04-27 09:45:00,2.1666666666666665
2016-04-27 20:00:00,3.3666666666666667
2016-04-28 06:15:00,1.8
2016-04-28 16:30:00,4.483333333333333
2016-04-29 02:45:00,2.783333333333333
2016-04-29 13:00:00,3.7666666666666666
2016-04-29 23:15:00,2.183333333333333
2016-04-30 09:30:00,2.7666666666666666
2016-04-30 19:45:00,3.05
2016-05-01 06:00:00,0.5666666666666667
2016-05-01 16:15:00,2.316666666666667
2016-05-02 02:30:00,2.1166666666666667
2016-05-02 12:45:00,2.7333333333333334
2016-05-02 23:00:00,2.8666666666666667
2016-05-03 09:15:00,1.95
2016-05-03 19:30:00,2.4
2016-05-04 05:45:00,2.4833333333333334
2016-05-04 16:00:00,3.683333333333333
2016-05-05 02:15:00,2.533333333333333
2016-05-05 12:30:00,2.316666666666667
2016-05-05 22:45:00,1.8666666666666667
2016-05-06 09:00:00,3.4833333333333334
2016-05-06 19:15:00,2.3
2016-05-07 05:30:00,2.3333333333333335
2016-05-07 15:45:00,2.2
2016-05-08 02:00:00,1.9
2016-05-08 12:15:00,2.183333333333333
2016-05-08 22:30:00,1.2333333333333334
2016-05-09 08:45:00,2.35
2016-05-09 19:00:00,3.0833333333333335
2016-05-10 05:15:00,1.3833333333333333
2016-05-10 15:30:00,3.466666666666667
2016-05-11 01:45:00,1.85
2016-05-11 12:00:00,3.433333333333333
2016-05-11 22:15:00,1.7333333333333334
2016-05-12 08:30:00,2.0833333333333335
2016-05-12 18:45:00,2.5833333333333335
2016-05-13 05:00:00,2.3833333333333333
2016-05-13 15:15:00,3.4166666666666665
2016-05-14 01:30:00,2.1333333333333333
2016-05-14 11:45:00,1.8833333333333333
2016-05-14 22:00:00,1.7833333333333334
2016-05-15 08:15:00,2.0166666666666666
2016-05-15 18:30:00,2.3666666666666667
2016-05-16 04:45:00,2.45
2016-05-16 15:00:00,4.083333333333333
2016-05-17 01:15:00,3.183333333333333
2016-05-17 11:30:00,4.05
2016-05-17 21:45:00,2.683333333333333
2016-05-18 08:00:00,2.25
2016-05-18 18:15:00,3.933333333333333
2016-05-19 04:30:00,2.15
2016-05-19 14:45:00,2.7666666666666666
2016-05-20 01:00:00,2.4833333333333334
2016-05-20 11:15:00,2.816666666666667
2016-05-20 21:30:00,2.0833333333333335
2016-05-21 07:45:00,2.2
2016-05-21 18:00:00,2.65
2016-05-22 04:15:00,2.0
2016-05-22 14:30:00,2.2333333333333334
2016-05-23 00:45:00,1.6666666666666667
2016-05-23 11:00:00,3.1666666666666665
2016-05-23 21:15:00,1.85
2016-05-24 07:30:00,2.6
2016-05-24 17:45:00,2.7666666666666666
2016-05-25 04:00:00,2.35
2016-05-25 14:15:00,2.55
2016-05-26 00:30:00,4.266666666666667
2016-05-26 10:45:00,2.2666666666666666
2016-05-26 21:00:00,2.4
2016-05-27 07:15:00,1.6833333333333333
2016-05-27 17:30:00,2.216666666666667
2016-05-28 03:45:00,1.9333333333333333
2016-05-28 14:00:00,3.0
2016-05-29 00:15:00,1.8166666666666667
2016-05-29 10:30:00,1.9
2016-05-29 20:45:00,1.55
2016-05-30 07:00:00,2.316666666666667
2016-05-30 17:15:00,2.283333333333333
2016-05-31 03:30:00,2.033333333333333
2016-05-31 13:45:00,1.2666666666666666
2016-06-01 00:00:00,2.2333333333333334
2016-06-01 10:15:00,2.45
2016-06-01 20:30:00,2.9833333333333334
2016-06-02 06:45:00,2.7666666666666666
2016-06-02 17:00:00,4.133333333333334
2016-06-03 03:15:00,2.183333333333333
2016-06-03 13:30:00,4.316666666666666
2016-06-03 23:45:00,2.5
2016-06-04 10:00:00,2.6
2016-06-04 20:15:00,1.8
2016-06-05 06:30:00,1.9333333333333333
2016-06-05 16:45:00,2.2333333333333334
2016-06-06 03:00:00,2.7666666666666666
2016-06-06 13:15:00,3.0
2016-06-06 23:30:00,1.6833333333333333
2016-06-07 09:45:00,2.65
2016-06-07 20:00:00,3.05
2016-06-08 06:15:00,2.1666666666666665
2016-06-08 16:30:00,3.3666666666666667
2016-06-09 02:45:00,2.1
2016-06-09 13:00:00,3.05
2016-06-09 23:15:00,1.5166666666666666
2016-06-10 09:30:00,2.6
2016-06-10 19:45:00,2.716666666666667
2016-06-11 06:00:00,2.066666666666667
2016-06-11 16:15:00,3.1
2016-06-12 02:30:00,2.65
2016-06-12 12:45:00,2.3666666666666667
2016-06-12 23:00:00,2.3833333333333333
2016-06-13 09:15:00,2.5166666666666666
2016-06-13 19:30:00,2.7333333333333334
2016-06-14 05:45:00,3.15
2016-06-14 16:00:00,2.6166666666666667
2016-06-15 02:15:00,2.7
2016-06-15 12:30:00,2.8666666666666667
2016-06-15 22:45:00,2.316666666666667
2016-06-16 09:00:00,2.9166666666666665
2016-06-16 19:15:00,6.216666666666667
2016-06-17 05:30:00,3.05
2016-06-17 15:45:00,3.6333333333333333
2016-06-18 02:00:00,3.0833333333333335
2016-06-18 12:15:00,2.4
2016-06-18 22:30:00,2.316666666666667
2016-06-19 08:45:00,2.0166666666666666
2016-06-19 19:00:00,2.3333333333333335
2016-06-20 05:15:00,2.35
2016-06-20 15:30:00,3.2333333333333334
2016-06-21 01:45:00,2.15
2016-06-21 12:00:00,4.316666666666666
2016-06-21 22:15:00,3.0833333333333335
2016-06-22 08:30:00,2.35
2016-06-22 18:45:00,1.9
2016-06-23 05:00:00,2.25
2016-06-23 15:15:00,3.5166666666666666
2016-06-24 01:30:00,2.2333333333333334
2016-06-24 11:45:00,2.7666666666666666
2016-06-24 22:00:00,2.5833333333333335
2016-06-25 08:15:00,1.9666666666666666
2016-06-25 18:30:00,2.2666666666666666
2016-06-26 04:45:00,1.5666666666666667
2016-06-26 15:00:00,3.0
2016-06-27 01:15:00,1.6166666666666667
2016-06-27 11:30:00,6.216666666666667
2016-06-27 21:45:00,2.1333333333333333
2016-06-28 08:00:00,2.85
2016-06-28 18:15:00,2.4
2016-06-29 04:30:00,7.15
2016-06-29 14:45:00,2.55
2016-06-30 01:00:00,2.6
2016-06-30 11:15:00,2.35
2016-06-30 21:30:00,1.9333333333333333
2016-07-01 07:45:00,2.35
2016-07-01 18:00:00,3.4
2016-07-02 04:15:00,1.85
2016-07-02 14:30:00,3.0166666666666666
2016-07-03 00:45:00,1.8
2016-07-03 11:00:00,1.7666666666666666
2016-07-03 21:15:00,1.7166666666666666
2016-07-04 07:30:00,2.566666666666667
2016-07-04 17:45:00,2.5833333333333335
2016-07-05 04:00:00,2.0166666666666666
2016-07-05 14:15:00,2.35
2016-07-06 00:30:00,2.25
2016-07-06 10:45:00,2.216666666666667
2016-07-06 21:00:00,3.25
2016-07-07 07:15:00,2.183333333333333
2016-07-07 17:30:00,2.9833333333333334
2016-07-08 03:45:00,2.316666666666667
2016-07-08 14:00:00,2.6666666666666665
2016-07-09 00:15:00,2.0
2016-07-09 10:30:00,1.8333333333333333
2016-07-09 20:45:00,1.5666666666666667
2016-07-10 07:00:00,1.9
2016-07-10 17:15:00,2.7666666666666666
2016-07-11 03:30:00,1.7166666666666666
2016-07-11 13:45:00,2.4
2016-07-12 00:00:00,1.8
2016-07-12 10:15:00,2.3833333333333333
2016-07-12 20:30:00,2.95
2016-07-13 06:45:00,2.0
2016-07-13 17:00:00,2.6166666666666667
2016-07-14 03:15:00,2.3833333333333333
2016-07-14 13:30:00,2.8666666666666667
2016-07-14 23:45:00,1.85
2016-07-15 10:00:00,2.8
2016-07-15 20:15:00,2.6666666666666665
2016-07-16 06:30:00,3.566666666666667
2016-07-16 16:45:00,2.5
2016-07-17 03:00:00,2.45
2016-07-17 13:15:00,1.9666666666666666
2016-07-17 23:30:00,6.55
2016-07-18 09:45:00,2.783333333333333
2016-07-18 20:00:00,6.916666666666667
2016-07-19 06:15:00,2.2
2016-07-19 16:30:00,4.55
2016-07-20 02:45:00,2.966666666666667
2016-07-20 13:00:00,4.283333333333333
2016-07-20 23:15:00,1.9166666666666667
2016-07-21 09:30:00,4.05
2016-07-21 19:45:00,2.2333333333333334
2016-07-22 06:00:00,2.9833333333333334
2016-07-22 16:15:00,4.666666666666667
2016-07-23 02:30:00,2.6333333333333333
2016-07-23 12:45:00,2.0166666666666666
2016-07-23 23:00:00,5.05
2016-07-24 09:15:00,1.85
2016-07-24 19:30:00,5.216666666666667
2016-07-25 05:45:00,2.3833333333333333
2016-07-25 16:00:00,4.183333333333334
2016-07-26 02:15:00,2.566666666666667
2016-07-26 12:30:00,2.7
2016-07-26 22:45:00,2.4166666666666665
2016-07-27 09:00:00,2.1
2016-07-27 19:15:00,3.2666666666666666
2016-07-28 05:30:00,2.1333333333333333
2016-07-28 15:45:00,3.5833333333333335
2016-07-29 02:00:00,2.183333333333333
2016-07-29 12:15:00,4.916666666666667
2016-07-29 22:30:00,2.4166666666666665
2016-07-30 08:45:00,1.9333333333333333
2016-07-30 19:00:00,3.3
2016-07-31 05:15:00,2.1333333333333333
2016-07-31 15:30:00,2.816666666666667
2016-08-01 01:45:00,2.3833333333333333
2016-08-01 12:00:00,3.3
2016-08-01 22:15:00,2.283333333333333
2016-08-02 08:30:00,3.4833333333333334
2016-08-02 18:45:00,4.2
2016-08-03 05:00:00,3.35
2016-08-03 15:15:00,3.05
2016-08-04 01:30:00,2.15
2016-08-04 11:45:00,3.4
2016-08-04 22:00:00,3.1333333333333333
2016-08-05 08:15:00,2.2666666666666666
2016-08-05 18:30:00,2.966666666666667
2016-08-06 04:45:00,2.033333333333333
2016-08-06 15:00:00,2.5166666666666666
2016-08-07 01:15:00,1.8666666666666667
2016-08-07 11:30:00,2.3333333333333335
2016-08-07 21:45:00,2.2333333333333334
2016-08-08 08:00:00,3.1
2016-08-08 18:15:00,3.033333333333333
2016-08-09 04:30:00,1.7166666666666666
2016-08-09 14:45:00,3.35
2016-08-10 01:00:00,2.95
2016-08-10 11:15:00,2.9833333333333334
2016-08-10 21:30:00,3.8333333333333335
2016-08-11 07:45:00,2.5166666666666666
2016-08-11 18:00:00,3.1666666666666665
2016-08-12 04:15:00,1.8333333333333333
2016-08-12 14:30:00,3.466666666666667
2016-08-13 00:45:00,2.933333333333333
2016-08-13 11:00:00,2.45
2016-08-13 21:15:00,2.15
2016-08-14 07:30:00,2.7333333333333334
2016-08-14 17:45:00,1.8833333333333333
2016-08-15 04:00:00,1.9333333333333333
2016-08-15 14:15:00,2.933333333333333
2016-08-16 00:30:00,2.183333333333333
2016-08-16 10:45:00,2.95
2016-08-16 21:00:00,3.183333333333333
2016-08-17 07:15:00,2.216666666666667
2016-08-17 17:30:00,3.6166666666666667
2016-08-18 03:45:00,2.95
2016-08-18 14:00:00,3.3666666666666667
2016-08-19 00:15:00,2.25
2016-08-19 10:30:00,3.6666666666666665
2016-08-19 20:45:00,2.1333333333333333
2016-08-20 07:00:00,3.7
2016-08-20 17:15:00,2.8
2016-08-21 03:30:00,2.0
2016-08-21 13:45:00,2.65
2016-08-22 00:00:00,1.9833333333333334
2016-08-22 10:15:00,2.6
2016-08-22 20:30:00,2.1166666666666667
2016-08-23 06:45:00,2.15
2016-08-23 17:00:00,4.566666666666666
2016-08-24 03:15:00,2.7666666666666666
2016-08-24 13:30:00,3.716666666666667
2016-08-24 23:45:00,1.7666666666666666
2016-08-25 10:00:00,2.4
2016-08-25 20:15:00,3.066666666666667
2016-08-26 06:30:00,2.35
2016-08-26 16:45:00,3.4
2016-08-27 03:00:00,2.35
2016-08-27 13:15:00,2.466666666666667
2016-08-27 23:30:00,1.3333333333333333
2016-08-28 09:45:00,2.0
2016-08-28 20:00:00,2.7
2016-08-29 06:15:00,1.9
2016-08-29 16:30:00,3.6
2016-08-30 02:45:00,2.65
2016-08-30 13:00:00,2.7333333333333334
2016-08-30 23:15:00,2.6166666666666667
2016-08-31 09:30:00,2.566666666666667
2016-08-31 19:45:00,2.4833333333333334
2016-09-01 06:00:00,2.6333333333333333
2016-09-01 16:15:00,3.3
2016-09-02 03:02:00,2.85
2016-09-02 13:17:00,2.783333333333333
2016-09-02 23:32:00,2.3833333333333333
2016-09-03 09:47:00,1.6333333333333333
2016-09-03 20:02:00,2.283333333333333
2016-09-04 06:17:00,1.5
2016-09-04 16:32:00,2.1333333333333333
2016-09-05 02:47:00,1.75
2016-09-05 13:02:00,2.55
2016-09-05 23:17:00,1.6166666666666667
2016-09-06 09:32:00,2.4166666666666665
2016-09-06 19:47:00,2.783333333333333
2016-09-07 06:02:00,2.033333333333333
2016-09-07 16:17:00,3.1
2016-09-08 02:32:00,2.3666666666666667
2016-09-08 12:47:00,2.533333333333333
2016-09-08 23:02:00,2.183333333333333
2016-09-09 09:17:00,1.8
2016-09-09 19:32:00,2.783333333333333
2016-09-10 05:47:00,1.55
2016-09-10 16:02:00,2.8
2016-09-11 02:17:00,1.7
2016-09-11 12:32:00,1.8166666666666667
2016-09-11 22:47:00,1.5666666666666667
2016-09-12 09:02:00,2.25
2016-09-12 19:17:00,3.066666666666667
2016-09-13 05:32:00,1.6166666666666667
2016-09-13 15:47:00,3.1333333333333333
2016-09-14 02:02:00,2.216666666666667
2016-09-14 12:17:00,2.45
2016-09-14 22:32:00,2.45
2016-09-15 08:47:00,5.133333333333334
2016-09-15 19:02:00,3.0
2016-09-16 05:17:00,1.9666666666666666
2016-09-16 15:32:00,2.683333333333333
2016-09-17 01:47:00,2.1333333333333333
2016-09-17 12:02:00,2.4
2016-09-17 22:17:00,1.7333333333333334
2016-09-18 08:32:00,1.55
2016-09-18 18:47:00,2.2333333333333334
2016-09-19 05:02:00,1.9833333333333334
2016-09-19 15:17:00,2.95
2016-09-20 01:32:00,2.2333333333333334
2016-09-20 11:47:00,2.5166666666666666
2016-09-20 22:02:00,2.033333333333333
2016-09-21 08:17:00,2.1
2016-09-21 18:32:00,3.4166666666666665
2016-09-22 04:47:00,2.2333333333333334
2016-09-22 15:02:00,4.333333333333333
2016-09-23 01:17:00,1.7666666666666666
2016-09-23 11:32:00,2.5166666666666666
2016-09-23 21:47:00,2.716666666666667
2016-09-24 08:02:00,2.05
2016-09-24 18:17:00,2.0833333333333335
2016-09-25 04:32:00,1.85
2016-09-25 14:47:00,2.05
2016-09-26 01:02:00,1.6833333333333333
2016-09-26 11:17:00,2.4
2016-09-26 21:32:00,3.2
2016-09-27 07:47:00,2.566666666666667
2016-09-27 18:02:00,2.2666666666666666
2016-09-28 04:17:00,2.1666666666666665
2016-09-28 14:32:00,3.25
2016-09-29 00:47:00,1.9333333333333333
2016-09-29 11:02:00,2.8
2016-09-29 21:17:00,2.433333333333333
2016-09-30 07:32:00,2.6666666666666665
2016-09-30 17:47:00,4.616666666666666
2016-10-01 04:02:00,2.1
2016-10-01 14:17:00,2.1666666666666665
2016-10-02 00:32:00,2.3333333333333335
2016-10-02 10:47:00,2.2666666666666666
2016-10-02 21:02:00,2.7333333333333334
2016-10-03 07:17:00,3.533333333333333
2016-10-03 17:32:00,3.25
2016-10-04 03:47:00,2.683333333333333
2016-10-04 14:02:00,3.05
2016-10-05 00:17:00,3.4166666666666665
2016-10-05 10:32:00,2.683333333333333
2016-10-05 20:47:00,3.1166666666666667
2016-10-06 07:02:00,2.65
2016-10-06 17:17:00,3.2
2016-10-07 03:32:00,2.2333333333333334
2016-10-07 13:47:00,3.1333333333333333
2016-10-08 00:02:00,1.9666666666666666
2016-10-08 10:17:00,2.15
2016-10-08 20:32:00,2.316666666666667
2016-10-09 06:47:00,1.7666666666666666
2016-10-09 17:02:00,2.9
2016-10-10 03:17:00,1.7666666666666666
2016-10-10 13:32:00,3.433333333333333
2016-10-10 23:47:00,2.2333333333333334
2016-10-11 10:02:00,2.216666666666667
2016-10-11 20:17:00,3.1166666666666667
2016-10-12 06:32:00,2.1
2016-10-12 16:47:00,1.75
2016-10-13 03:02:00,1.8333333333333333
2016-10-13 13:17:00,2.8833333333333333
2016-10-13 23:32:00,1.9833333333333334
2016-10-14 09:47:00,2.8333333333333335
2016-10-14 20:02:00,2.3833333333333333
2016-10-15 06:17:00,1.95
2016-10-15 16:32:00,3.25
2016-10-16 02:47:00,1.4166666666666667
2016-10-16 13:02:00,2.9
2016-10-16 23:17:00,2.15
2016-10-17 09:32:00,2.283333333333333
2016-10-17 19:47:00,2.15
2016-10-18 06:02:00,2.45
2016-10-18 16:17:00,4.233333333333333
2016-10-19 02:32:00,2.1166666666666667
2016-10-19 12:47:00,2.8
2016-10-19 23:02:00,1.9833333333333334
2016-10-20 09:17:00,2.1333333333333333
2016-10-20 19:32:00,3.7666666666666666
2016-10-21 05:47:00,2.433333333333333
2016-10-21 16:02:00,4.183333333333334
2016-10-22 02:17:00,2.966666666666667
2016-10-22 12:32:00,3.5166666666666666
2016-10-22 22:47:00,1.5833333333333333
2016-10-23 09:02:00,2.1166666666666667
2016-10-23 19:17:00,2.0
2016-10-24 05:32:00,2.533333333333333
2016-10-24 15:47:00,3.6333333333333333
2016-10-25 02:02:00,2.4
2016-10-25 12:17:00,3.3
2016-10-25 22:32:00,2.433333333333333
2016-10-26 08:47:00,4.466666666666667
2016-10-26 19:02:00,5.533333333333333
2016-10-27 05:17:00,2.316666666666667
2016-10-27 15:32:00,3.966666666666667
2016-10-28 01:47:00,2.9166666666666665
2016-10-28 12:02:00,2.5
2016-10-28 22:17:00,2.1333333333333333
2016-10-29 08:32:00,1.9333333333333333
2016-10-29 18:47:00,2.4
2016-10-30 05:02:00,2.033333333333333
2016-10-30 15:17:00,2.2333333333333334
2016-10-31 01:32:00,3.066666666666667
2016-10-31 11:47:00,2.5
2016-10-31 22:02:00,2.2333333333333334
2016-11-01 08:17:00,2.5166666666666666
2016-11-01 18:32:00,3.45
2016-11-02 04:47:00,1.8166666666666667
2016-11-02 15:02:00,3.283333333333333
2016-11-03 01:17:00,2.9
2016-11-03 11:32:00,2.966666666666667
2016-11-03 21:47:00,2.05
2016-11-04 08:02:00,2.55
2016-11-04 18:17:00,3.283333333333333
2016-11-05 04:32:00,1.9166666666666667
2016-11-05 14:47:00,2.6666666666666665
2016-11-06 01:02:00,2.5833333333333335
2016-11-06 11:17:00,2.3333333333333335
2016-11-06 21:32:00,2.4
2016-11-07 07:47:00,3.7333333333333334
2016-11-07 18:02:00,3.2
2016-11-08 04:17:00,2.7333333333333334
2016-11-08 14:32:00,3.4833333333333334
2016-11-09 00:47:00,2.3666666666666667
2016-11-09 11:02:00,2.8666666666666667
2016-11-09 21:17:00,3.15
2016-11-10 07:32:00,2.183333333333333
2016-11-10 17:47:00,3.75
2016-11-11 04:02:00,1.4833333333333334
2016-11-11 14:17:00,3.6333333333333333
2016-11-12 00:32:00,2.3
2016-11-12 10:47:00,2.8333333333333335
2016-11-12 21:02:00,2.8666666666666667
2016-11-13 07:17:00,1.9666666666666666
2016-11-13 17:32:00,3.183333333333333
2016-11-14 03:47:00,2.1166666666666667
2016-11-14 14:02:00,3.8
2016-11-15 00:17:00,3.25
2016-11-15 10:32:00,3.8666666666666667
2016-11-15 20:47:00,3.55
2016-11-16 07:02:00,2.3833333333333333
2016-11-16 17:17:00,4.016666666666667
2016-11-17 03:32:00,2.65
2016-11-17 13:47:00,2.85
2016-11-18 00:02:00,4.95
2016-11-18 10:17:00,3.0833333333333335
2016-11-18 20:32:00,3.4
2016-11-19 06:47:00,2.15
2016-11-19 17:02:00,3.1666666666666665
2016-11-20 03:17:00,1.9833333333333334
2016-11-20 13:32:00,2.433333333333333
2016-11-20 23:47:00,2.1166666666666667
2016-11-21 10:02:00,3.5833333333333335
2016-11-21 20:17:00,3.9833333333333334
2016-11-22 06:32:00,3.3
2016-11-22 16:47:00,3.433333333333333
2016-11-23 03:02:00,3.4
2016-11-23 13:17:00,3.45
2016-11-23 23:32:00,2.8
2016-11-24 09:47:00,2.7666666666666666
2016-11-24 20:02:00,4.2
2016-11-25 06:17:00,2.3
2016-11-25 16:32:00,3.683333333333333
2016-11-26 02:47:00,2.3833333333333333
2016-11-26 13:02:00,3.533333333333333
2016-11-26 23:17:00,2.566666666666667
2016-11-27 09:32:00,2.683333333333333
2016-11-27 19:47:00,2.816666666666667
2016-11-28 06:02:00,2.6
2016-11-28 16:17:00,3.55
2016-11-29 02:32:00,2.6
2016-11-29 12:47:00,3.3833333333333333
2016-11-29 23:02:00,2.716666666666667
2016-11-30 09:17:00,3.5166666666666666
2016-11-30 19:32:00,3.2666666666666666
2016-12-01 05:47:00,3.3
2016-12-01 16:02:00,3.6166666666666667
2016-12-02 02:17:00,2.1166666666666667
2016-12-02 12:32:00,3.9833333333333334
2016-12-02 22:47:00,2.1666666666666665
2016-12-03 09:02:00,3.783333333333333
2016-12-03 19:17:00,3.216666666666667
2016-12-04 05:32:00,2.3
2016-12-04 15:47:00,3.25
2016-12-05 02:02:00,2.7666666666666666
2016-12-05 12:17:00,3.466666666666667
2016-12-05 22:32:00,2.35
2016-12-06 08:47:00,3.15
2016-12-06 19:02:00,3.65
2016-12-07 05:17:00,2.2666666666666666
2016-12-07 15:32:00,4.4
2016-12-08 01:47:00,2.5833333333333335
2016-12-08 12:02:00,3.433333333333333
2016-12-08 22:17:00,3.0833333333333335
2016-12-09 08:32:00,2.1666666666666665
2016-12-09 18:47:00,3.05
2016-12-10 05:02:00,2.05
2016-12-10 15:17:00,2.6
2016-12-11 01:32:00,1.8666666666666667
2016-12-11 11:47:00,3.8666666666666667
2016-12-11 22:02:00,3.3666666666666667
2016-12-12 08:17:00,2.816666666666667
2016-12-12 18:32:00,3.7
2016-12-13 04:47:00,2.7
2016-12-13 15:02:00,2.966666666666667
2016-12-14 01:17:00,2.533333333333333
2016-12-14 11:32:00,3.316666666666667
2016-12-14 21:47:00,5.116666666666666
2016-12-15 08:02:00,2.6666666666666665
2016-12-15 18:17:00,3.5833333333333335
2016-12-16 04:32:00,2.5
2016-12-16 14:47:00,4.033333333333333
2016-12-17 01:02:00,2.433333333333333
2016-12-17 11:17:00,3.2333333333333334
2016-12-17 21:32:00,2.65
2016-12-18 07:47:00,2.3333333333333335
2016-12-18 18:02:00,3.683333333333333
2016-12-19 04:17:00,2.1666666666666665
2016-12-19 14:32:00,4.216666666666667
2016-12-20 00:47:00,2.7
2016-12-20 11:02:00,3.5833333333333335
2016-12-20 21:17:00,3.8666666666666667
2016-12-21 07:32:00,4.516666666666667
2016-12-21 17:47:00,3.816666666666667
2016-12-22 04:02:00,2.6666666666666665
2016-12-22 14:17:00,5.15
2016-12-23 00:32:00,2.75
2016-12-23 10:47:00,3.316666666666667
2016-12-23 21:02:00,2.85
2016-12-24 07:17:00,2.05
2016-12-24 17:32:00,2.75
2016-12-25 03:47:00,1.8666666666666667
2016-12-25 14:02:00,1.9
2016-12-26 00:17:00,2.2333333333333334
2016-12-26 10:32:00,2.85
2016-12-26 20:47:00,2.8833333333333333
2016-12-27 07:02:00,2.2666666666666666
2016-12-27 17:17:00,3.7666666666666666
2016-12-28 03:32:00,2.55
2016-12-28 13:47:00,4.816666666666666
2016-12-29 00:02:00,3.8
2016-12-29 10:17:00,4.016666666666667
2016-12-29 20:32:00,4.083333333333333
2016-12-30 06:47:00,2.3333333333333335
2016-12-30 17:02:00,4.166666666666667
2016-12-31 03:17:00,2.5
2016-12-31 13:32:00,2.7333333333333334
2016-12-31 23:47:00,1.75
2017-01-01 10:02:00,1.6833333333333333
2017-01-01 20:17:00,2.9166666666666665
2017-01-02 06:32:00,2.1
2017-01-02 16:47:00,5.0
2017-01-03 03:02:00,2.7
2017-01-03 13:17:00,3.816666666666667
2017-01-03 23:32:00,3.0166666666666666
2017-01-04 09:47:00,2.9833333333333334
2017-01-04 20:02:00,4.766666666666667
2017-01-05 06:17:00,3.3666666666666667
2017-01-05 16:32:00,3.5833333333333335
2017-01-06 02:47:00,2.6
2017-01-06 13:02:00,5.05
2017-01-06 23:17:00,3.5166666666666666
2017-01-07 09:32:00,3.433333333333333
2017-01-07 19:47:00,2.9833333333333334
2017-01-08 06:02:00,2.5
2017-01-08 16:17:00,3.15
2017-01-09 02:32:00,2.683333333333333
2017-01-09 12:47:00,3.3333333333333335
2017-01-09 23:02:00,3.716666666666667
2017-01-10 09:17:00,3.1
2017-01-10 19:32:00,3.3333333333333335
2017-01-11 05:47:00,2.45
2017-01-11 16:02:00,4.6
2017-01-12 02:17:00,2.8333333333333335
2017-01-12 12:32:00,4.783333333333333
2017-01-12 22:47:00,3.3833333333333333
2017-01-13 09:02:00,3.45
2017-01-13 19:17:00,2.8666666666666667
2017-01-14 05:32:00,1.8
2017-01-14 15:47:00,3.1166666666666667
2017-01-15 02:02:00,1.6166666666666667
2017-01-15 12:17:00,2.9
2017-01-15 22:32:00,3.4
2017-01-16 08:47:00,2.716666666666667
2017-01-16 19:02:00,3.9166666666666665
2017-01-17 05:17:00,1.9833333333333334
2017-01-17 15:32:00,3.25
2017-01-18 01:47:00,3.0166666666666666
2017-01-18 12:02:00,4.033333333333333
2017-01-18 22:17:00,3.183333333333333
2017-01-19 08:32:00,3.2333333333333334
2017-01-19 18:47:00,3.4166666666666665
2017-01-20 05:02:00,1.9166666666666667
2017-01-20 15:17:00,4.066666666666666
2017-01-21 01:32:00,3.1
2017-01-21 11:47:00,3.0166666666666666
2017-01-21 22:02:00,2.566666666666667
2017-01-22 08:17:00,2.1
2017-01-22 18:32:00,3.45
2017-01-23 04:47:00,2.25
2017-01-23 15:02:00,3.95
2017-01-24 01:17:00,1.6333333333333333
2017-01-24 11:32:00,3.783333333333333
2017-01-24 21:47:00,3.683333333333333
2017-01-25 08:02:00,2.3333333333333335
2017-01-25 18:17:00,3.75
2017-01-26 04:32:00,2.5
2017-01-26 14:47:00,4.266666666666667
2017-01-27 01:02:00,2.95
2017-01-27 11:17:00,3.1166666666666667
2017-01-27 21:32:00,2.433333333333333
2017-01-28 07:47:00,1.8666666666666667
2017-01-28 18:02:00,3.433333333333333
2017-01-29 04:17:00,1.7
2017-01-29 14:32:00,3.3833333333333333
2017-01-30 00:47:00,3.15
2017-01-30 11:02:00,3.9166666666666665
2017-01-30 21:17:00,2.3666666666666667
2017-01-31 07:32:00,2.85
2017-01-31 17:47:00,3.65
2017-02-01 04:02:00,3.5
2017-02-01 14:17:00,3.2333333333333334
2017-02-02 00:32:00,3.2333333333333334
2017-02-02 10:47:00,2.8333333333333335
2017-02-02 21:02:00,2.8833333333333333
2017-02-03 07:17:00,2.4166666666666665
2017-02-03 17:32:00,4.116666666666666
2017-02-04 03:47:00,2.95
2017-02-04 14:02:00,3.1
2017-02-05 00:17:00,2.5
2017-02-05 10:32:00,2.7666666666666666
2017-02-05 20:47:00,4.816666666666666
2017-02-06 07:02:00,2.566666666666667
2017-02-06 17:17:00,4.35
2017-02-07 03:32:00,2.3833333333333333
2017-02-07 13:47:00,3.3333333333333335
2017-02-08 00:02:00,3.6666666666666665
2017-02-08 10:17:00,4.85
2017-02-08 20:32:00,4.416666666666667
2017-02-09 06:47:00,2.5833333333333335
2017-02-09 17:02:00,3.816666666666667
2017-02-10 03:17:00,2.85
2017-02-10 13:32:00,4.0
2017-02-10 23:47:00,2.433333333333333
2017-02-11 10:02:00,3.316666666666667
2017-02-11 20:17:00,2.9
2017-02-12 06:32:00,2.316666666666667
2017-02-12 16:47:00,3.0
2017-02-13 03:02:00,2.466666666666667
2017-02-13 13:17:00,3.966666666666667
2017-02-13 23:32:00,3.033333333333333
2017-02-14 09:47:00,4.133333333333334
2017-02-14 20:02:00,3.35
2017-02-15 06:17:00,2.3
2017-02-15 16:32:00,4.9
2017-02-16 02:47:00,2.183333333333333
2017-02-16 13:02:00,4.45
2017-02-16 23:17:00,3.3333333333333335
2017-02-17 09:32:00,4.416666666666667
2017-02-17 19:47:00,3.066666666666667
2017-02-18 06:02:00,2.933333333333333
2017-02-18 16:17:00,4.816666666666666
2017-02-19 02:32:00,2.5
2017-02-19 12:47:00,2.8333333333333335
2017-02-19 23:02:00,4.25
2017-02-20 09:17:00,3.466666666666667
2017-02-20 19:32:00,5.35
2017-02-21 05:47:00,2.783333333333333
2017-02-21 16:02:00,4.666666666666667
2017-02-22 02:17:00,1.9833333333333334
2017-02-22 12:32:00,4.9
2017-02-22 22:47:00,2.4166666666666665
2017-02-23 09:02:00,4.3
2017-02-23 19:17:00,4.033333333333333
2017-02-24 05:32:00,3.35
2017-02-24 15:47:00,3.8
2017-02-25 02:02:00,3.0
2017-02-25 12:17:00,2.8666666666666667
2017-02-25 22:32:00,3.066666666666667
2017-02-26 08:47:00,2.6666666666666665
2017-02-26 19:02:00,3.433333333333333
2017-02-27 05:17:00,2.8333333333333335
2017-02-27 15:32:00,3.35
2017-02-28 01:47:00,1.7833333333333334
2017-02-28 12:02:00,4.333333333333333
2017-02-28 22:17:00,2.8666666666666667
2017-03-01 08:32:00,3.4166666666666665
2017-03-01 18:47:00,4.666666666666667
2017-03-02 05:02:00,3.95
2017-03-02 15:17:00,3.783333333333333
2017-03-03 01:32:00,3.2
2017-03-03 11:47:00,2.8
2017-03-03 22:02:00,3.2333333333333334
2017-03-04 08:17:00,2.8666666666666667
2017-03-04 18:32:00,2.4833333333333334
2017-03-05 04:47:00,1.8
2017-03-05 15:02:00,3.5166666666666666
2017-03-06 01:17:00,1.65
2017-03-06 11:32:00,3.283333333333333
2017-03-06 21:47:00,3.066666666666667
2017-03-07 08:02:00,3.75
2017-03-07 18:17:00,5.566666666666666
2017-03-08 04:32:00,2.55
2017-03-08 14:47:00,3.7333333333333334
2017-03-09 01:02:00,2.8
2017-03-09 11:17:00,3.25
2017-03-09 21:32:00,2.7
2017-03-10 07:47:00,2.85
2017-03-10 18:02:00,4.166666666666667
2017-03-11 04:17:00,2.1666666666666665
2017-03-11 14:32:00,3.033333333333333
2017-03-12 00:47:00,1.85
2017-03-12 11:02:00,2.3833333333333333
2017-03-12 21:17:00,2.2666666666666666
2017-03-13 07:32:00,2.6666666666666665
2017-03-13 17:47:00,2.45
2017-03-14 04:02:00,2.35
2017-03-14 14:17:00,4.366666666666666
2017-03-15 00:32:00,3.45
2017-03-15 10:47:00,3.316666666666667
2017-03-15 21:02:00,2.966666666666667
2017-03-16 07:17:00,2.25
2017-03-16 17:32:00,4.083333333333333
2017-03-17 03:47:00,3.0833333333333335
2017-03-17 14:02:00,4.283333333333333
2017-03-18 00:17:00,2.75
2017-03-18 10:32:00,2.45
2017-03-18 20:47:00,4.166666666666667
2017-03-19 07:02:00,2.1
2017-03-19 17:17:00,2.966666666666667
2017-03-20 03:32:00,2.533333333333333
2017-03-20 13:47:00,4.933333333333334
2017-03-21 00:02:00,3.533333333333333
2017-03-21 10:17:00,4.066666666666666
2017-03-21 20:32:00,3.466666666666667
2017-03-22 06:47:00,2.85
2017-03-22 17:02:00,3.6166666666666667
2017-03-23 03:17:00,1.8333333333333333
2017-03-23 13:32:00,3.15
2017-03-23 23:47:00,2.6666666666666665
2017-03-24 10:02:00,3.75
2017-03-24 20:17:00,2.3833333333333333
2017-03-25 06:32:00,3.5166666666666666
2017-03-25 16:47:00,3.1
2017-03-26 03:02:00,1.9
2017-03-26 13:17:00,2.45
2017-03-26 23:32:00,2.85
2017-03-27 09:47:00,3.183333333333333
2017-03-27 20:02:00,2.7333333333333334
2017-03-28 06:17:00,2.05
2017-03-28 16:32:00,3.7
2017-03-29 02:47:00,2.2
2017-03-29 13:02:00,4.0
2017-03-29 23:17:00,2.5
2017-03-30 09:32:00,3.683333333333333
2017-03-30 19:47:00,2.85
2017-03-31 06:02:00,2.566666666666667
2017-03-31 16:17:00,3.9166666666666665
2017-04-01 02:32:00,2.85
2017-04-01 12:47:00,2.6166666666666667
2017-04-01 23:02:00,2.283333333333333
2017-04-02 09:17:00,2.15
2017-04-02 19:32:00,5.0
2017-04-03 05:47:00,2.25
2017-04-03 16:02:00,3.316666666666667
2017-04-04 02:17:00,2.466666666666667
2017-04-04 12:32:00,3.5166666666666666
2017-04-04 22:47:00,2.5166666666666666
2017-04-05 09:02:00,3.3333333333333335
2017-04-05 19:17:00,2.316666666666667
2017-04-06 05:32:00,2.65
2017-04-06 15:47:00,4.216666666666667
2017-04-07 02:02:00,4.05
2017-04-07 12:17:00,2.6
2017-04-07 22:32:00,3.1333333333333333
2017-04-08 08:47:00,2.066666666666667
2017-04-08 19:02:00,2.85
2017-04-09 05:17:00,1.9166666666666667
2017-04-09 15:32:00,3.5833333333333335
2017-04-10 01:47:00,2.3
2017-04-10 12:02:00,3.3
2017-04-10 22:17:00,2.8833333333333333
2017-04-11 08:32:00,2.9833333333333334
2017-04-11 18:47:00,3.033333333333333
2017-04-12 05:02:00,3.4
2017-04-12 15:17:00,4.183333333333334
2017-04-13 01:32:00,3.4
2017-04-13 11:47:00,3.033333333333333
2017-04-13 22:02:00,2.0
2017-04-14 08:17:00,3.35
2017-04-14 18:32:00,2.95
2017-04-15 04:47:00,1.7166666666666666
2017-04-15 15:02:00,3.4166666666666665
2017-04-16 01:17:00,2.3833333333333333
2017-04-16 11:32:00,2.4
2017-04-16 21:47:00,2.533333333333333
2017-04-17 08:02:00,2.6666666666666665
2017-04-17 18:17:00,2.966666666666667
2017-04-18 04:32:00,2.533333333333333
2017-04-18 14:47:00,3.283333333333333
2017-04-19 01:02:00,4.633333333333334
2017-04-19 11:17:00,3.8333333333333335
2017-04-19 21:32:00,3.8833333333333333
2017-04-20 07:47:00,3.966666666666667
2017-04-20 18:02:00,3.533333333333333
2017-04-21 04:17:00,2.95
2017-04-21 14:32:00,3.7666666666666666
2017-04-22 00:47:00,2.2
2017-04-22 11:02:00,2.283333333333333
2017-04-22 21:17:00,2.8
2017-04-23 07:32:00,1.8166666666666667
2017-04-23 17:47:00,2.9833333333333334
2017-04-24 04:02:00,2.8
2017-04-24 14:17:00,3.9166666666666665
2017-04-25 00:32:00,2.683333333333333
2017-04-25 10:47:00,3.1666666666666665
2017-04-25 21:02:00,4.666666666666667
2017-04-26 07:17:00,3.5
2017-04-26 17:32:00,4.666666666666667
2017-04-27 03:47:00,3.466666666666667
2017-04-27 14:02:00,5.583333333333333
2017-04-28 00:17:00,3.1
2017-04-28 10:32:00,2.3333333333333335
2017-04-28 20:47:00,3.033333333333333
2017-04-29 07:02:00,2.6333333333333333
2017-04-29 17:17:00,3.8
2017-04-30 03:32:00,3.1666666666666665
2017-04-30 13:47:00,2.2666666666666666
2017-05-01 00:02:00,3.5
2017-05-01 10:17:00,3.8666666666666667
2017-05-01 20:32:00,4.25
2017-05-02 06:47:00,3.2333333333333334
2017-05-02 17:02:00,4.95
2017-05-03 03:17:00,2.5166666666666666
2017-05-03 13:32:00,4.1
2017-05-03 23:47:00,3.45
2017-05-04 10:02:00,4.283333333333333
2017-05-04 20:17:00,4.566666666666666
2017-05-05 06:32:00,2.933333333333333
2017-05-05 16:47:00,4.716666666666667
2017-05-06 03:02:00,2.9
2017-05-06 13:17:00,4.116666666666666
2017-05-06 23:32:00,2.95
2017-05-07 09:47:00,2.5
2017-05-07 20:02:00,4.383333333333334
2017-05-08 06:17:00,2.783333333333333
2017-05-08 16:32:00,7.583333333333333
2017-05-09 02:47:00,3.25
2017-05-09 13:02:00,4.933333333333334
2017-05-09 23:17:00,4.05
2017-05-10 09:32:00,3.3333333333333335
2017-05-10 19:47:00,4.066666666666666
2017-05-11 06:02:00,3.2666666666666666
2017-05-11 16:17:00,3.3333333333333335
2017-05-12 02:32:00,3.3666666666666667
2017-05-12 12:47:00,3.8333333333333335
2017-05-12 23:33:00,2.716666666666667
2017-05-13 09:48:00,3.1666666666666665
2017-05-13 20:03:00,3.6333333333333333
2017-05-14 06:18:00,3.0166666666666666
2017-05-14 16:33:00,4.516666666666667
2017-05-15 02:48:00,2.5166666666666666
2017-05-15 13:03:00,4.183333333333334
2017-05-15 23:18:00,3.283333333333333
2017-05-16 09:33:00,3.8666666666666667
2017-05-16 19:48:00,2.7
2017-05-17 06:03:00,2.4166666666666665
2017-05-17 16:18:00,4.016666666666667
2017-05-18 02:33:00,3.7
2017-05-18 12:56:00,3.183333333333333
2017-05-18 23:14:00,2.7666666666666666
2017-05-19 09:34:00,3.316666666666667
2017-05-19 19:49:00,4.833333333333333
2017-05-20 06:04:00,2.816666666666667
2017-05-20 16:19:00,2.15
2017-05-21 02:34:00,1.95
2017-05-21 12:49:00,3.3
2017-05-21 23:04:00,2.8666666666666667
2017-05-22 09:19:00,2.8666666666666667
2017-05-22 19:34:00,3.683333333333333
2017-05-23 05:49:00,3.533333333333333
2017-05-23 16:04:00,3.2666666666666666
2017-05-24 02:19:00,1.6
2017-05-24 12:34:00,3.783333333333333
2017-05-24 22:49:00,2.2
2017-05-25 09:04:00,2.433333333333333
2017-05-25 19:19:00,4.65
2017-05-26 06:47:00,4.533333333333333
2017-05-26 17:02:00,3.816666666666667
2017-05-27 03:17:00,1.9666666666666666
2017-05-27 13:32:00,3.3333333333333335
2017-05-27 23:47:00,2.6166666666666667
2017-05-28 10:02:00,2.6
2017-05-28 20:17:00,2.6666666666666665
2017-05-29 06:32:00,2.6333333333333333
2017-05-29 16:47:00,4.8
2017-05-30 03:02:00,3.183333333333333
2017-05-30 13:17:00,4.1
2017-05-30 23:32:00,3.5833333333333335
2017-05-31 09:47:00,2.283333333333333
2017-05-31 20:02:00,3.533333333333333
2017-06-01 06:17:00,2.8666666666666667
2017-06-01 16:32:00,4.9
2017-06-02 02:47:00,2.7
2017-06-02 13:02:00,3.4
2017-06-02 23:17:00,2.4166666666666665
2017-06-03 09:32:00,2.75
2017-06-03 19:47:00,2.816666666666667
2017-06-04 06:02:00,2.7666666666666666
2017-06-04 16:17:00,3.4833333333333334
2017-06-05 02:32:00,2.3666666666666667
2017-06-05 12:47:00,4.4
2017-06-05 23:02:00,3.1
2017-06-06 09:17:00,2.9833333333333334
2017-06-06 19:32:00,4.116666666666666
2017-06-07 05:47:00,3.0833333333333335
2017-06-07 16:02:00,4.25
2017-06-08 02:17:00,3.3833333333333333
2017-06-08 12:32:00,3.4833333333333334
2017-06-08 22:47:00,3.25
2017-06-09 09:02:00,3.2
2017-06-09 19:17:00,2.683333333333333
2017-06-10 05:32:00,2.3333333333333335
2017-06-10 15:47:00,3.25
2017-06-11 02:02:00,3.3833333333333333
2017-06-11 12:17:00,2.25
2017-06-11 22:32:00,2.4833333333333334
2017-06-12 08:47:00,2.9833333333333334
2017-06-12 19:02:00,3.066666666666667
2017-06-13 05:17:00,4.466666666666667
2017-06-13 15:32:00,3.933333333333333
2017-06-14 01:47:00,1.8166666666666667
2017-06-14 12:02:00,4.4
2017-06-14 22:17:00,4.966666666666667
2017-06-15 08:32:00,3.55
2017-06-15 18:47:00,3.1166666666666667
2017-06-16 05:02:00,2.2
2017-06-16 15:17:00,3.816666666666667
2017-06-17 01:32:00,2.1166666666666667
2017-06-17 11:47:00,1.9333333333333333
2017-06-18 23:06:00,1.8666666666666667
2017-06-19 09:25:00,2.55
2017-06-19 19:40:00,5.283333333333333
2017-06-20 05:55:00,2.9833333333333334
2017-06-20 16:10:00,3.7666666666666666
2017-06-21 02:25:00,2.316666666666667
2017-06-21 12:40:00,3.5166666666666666
2017-06-21 22:55:00,2.8
2017-06-22 09:10:00,2.8833333333333333
2017-06-22 19:25:00,2.6333333333333333
2017-06-23 05:40:00,2.7
2017-06-23 15:55:00,3.316666666666667
2017-06-24 02:10:00,2.216666666666667
2017-06-24 12:25:00,2.9833333333333334
2017-06-24 22:40:00,2.6166666666666667
2017-06-25 09:55:00,2.0
2017-06-25 20:10:00,2.783333333333333
2017-06-26 06:25:00,5.783333333333333
2017-06-26 16:40:00,4.066666666666666
2017-06-27 02:55:00,2.4166666666666665
2017-06-27 13:10:00,5.116666666666666
2017-06-27 23:25:00,2.566666666666667
2017-06-28 09:40:00,3.25
2017-06-28 19:55:00,3.8
2017-06-29 06:10:00,2.1166666666666667
2017-06-29 16:25:00,3.1166666666666667
2017-06-30 02:40:00,2.433333333333333
2017-06-30 12:55:00,3.15
2017-06-30 23:10:00,4.083333333333333
2017-07-01 09:25:00,2.5166666666666666
2017-07-01 19:40:00,2.8666666666666667
2017-07-02 05:55:00,1.8333333333333333
2017-07-02 16:10:00,2.566666666666667
2017-07-03 02:25:00,2.183333333333333
2017-07-03 12:40:00,3.466666666666667
2017-07-03 22:55:00,1.9
2017-07-04 09:10:00,2.9166666666666665
2017-07-04 19:25:00,3.3833333333333333
2017-07-05 05:40:00,2.1
2017-07-05 15:55:00,3.45
2017-07-06 02:10:00,2.7
2017-07-06 12:25:00,2.6166666666666667
2017-07-06 22:40:00,2.4833333333333334
2017-07-07 08:55:00,3.05
2017-07-07 19:10:00,2.9166666666666665
2017-07-08 05:25:00,2.05
2017-07-08 15:40:00,3.1166666666666667
2017-07-09 01:55:00,1.8333333333333333
2017-07-09 12:10:00,1.9833333333333334
2017-07-09 22:25:00,2.3
2017-07-10 08:40:00,2.6333333333333333
2017-07-10 18:55:00,3.7
2017-07-11 05:10:00,2.35
2017-07-11 15:25:00,3.1
2017-07-12 01:40:00,2.7333333333333334
2017-07-12 11:55:00,2.8333333333333335
2017-07-12 22:10:00,2.5
2017-07-13 08:25:00,2.816666666666667
2017-07-13 18:40:00,3.0833333333333335
2017-07-14 04:55:00,2.0166666666666666
2017-07-14 15:10:00,2.316666666666667
2017-07-15 01:25:00,1.7833333333333334
2017-07-15 11:40:00,2.05
2017-07-15 21:55:00,2.4166666666666665
2017-07-16 08:10:00,1.9833333333333334
2017-07-16 18:25:00,2.783333333333333
2017-07-17 04:40:00,3.283333333333333
2017-07-17 14:55:00,3.35
2017-07-18 01:10:00,3.533333333333333
2017-07-18 11:25:00,3.2666666666666666
2017-07-18 21:40:00,3.2666666666666666
2017-07-19 07:55:00,2.183333333333333
2017-07-19 18:10:00,3.3833333333333333
2017-07-20 04:25:00,2.3333333333333335
2017-07-20 14:40:00,3.9833333333333334
2017-07-21 00:55:00,1.8
2017-07-21 11:10:00,3.2666666666666666
2017-07-21 21:25:00,2.6166666666666667
2017-07-22 07:40:00,1.9666666666666666
2017-07-22 17:55:00,2.283333333333333
2017-07-23 05:14:00,1.55
2017-07-23 15:29:00,2.466666666666667
2017-07-24 01:44:00,1.4333333333333333
2017-07-24 11:59:00,2.1
2017-07-24 22:14:00,1.8666666666666667
2017-07-25 08:29:00,2.55
2017-07-25 18:44:00,2.3333333333333335
2017-07-26 04:59:00,1.4666666666666666
2017-07-26 15:14:00,2.5833333333333335
2017-07-27 01:29:00,1.3166666666666667
2017-07-27 11:44:00,2.75
2017-07-27 21:59:00,2.3666666666666667
2017-07-28 08:14:00,2.466666666666667
2017-07-28 18:29:00,2.683333333333333
2017-07-29 04:44:00,1.9166666666666667
2017-07-29 14:59:00,2.5166666666666666
2017-07-30 01:14:00,1.4166666666666667
2017-07-30 11:29:00,3.4166666666666665
2017-07-30 21:44:00,2.1
2017-07-31 07:59:00,2.25
2017-07-31 18:14:00,2.7333333333333334
2017-08-01 04:29:00,0.9333333333333333
2017-08-01 14:44:00,1.15
2017-08-02 00:59:00,1.5
2017-08-02 11:14:00,2.45
2017-08-02 21:29:00,2.3833333333333333
2017-08-03 07:44:00,1.95
2017-08-03 17:59:00,3.25
2017-08-04 04:14:00,1.8333333333333333
2017-08-04 14:29:00,3.2
2017-08-05 00:44:00,2.0
2017-08-05 10:59:00,2.9166666666666665
2017-08-05 21:14:00,2.6333333333333333
2017-08-06 07:29:00,2.0
2017-08-06 17:44:00,2.9166666666666665
2017-08-07 03:59:00,2.3
2017-08-07 14:14:00,3.8666666666666667
2017-08-08 00:29:00,2.4166666666666665
2017-08-08 10:44:00,4.05
2017-08-08 20:59:00,3.3833333333333333
2017-08-09 07:14:00,2.8833333333333333
2017-08-09 17:29:00,3.1333333333333333
2017-08-10 03:44:00,2.6333333333333333
2017-08-10 13:59:00,4.15
2017-08-11 00:14:00,2.6666666666666665
2017-08-11 10:29:00,3.45
2017-08-11 20:44:00,5.616666666666666
2017-08-12 06:59:00,2.25
2017-08-12 17:14:00,3.7333333333333334
2017-08-13 03:29:00,2.65
2017-08-13 13:44:00,3.3833333333333333
2017-08-13 23:59:00,2.2333333333333334
2017-08-14 10:14:00,4.266666666666667
2017-08-14 20:29:00,3.9166666666666665
2017-08-15 06:44:00,2.8833333333333333
2017-08-15 16:59:00,3.8333333333333335
2017-08-16 03:14:00,4.133333333333334
2017-08-16 13:29:00,5.1
2017-08-16 23:44:00,2.9166666666666665
2017-08-17 09:59:00,3.533333333333333
2017-08-17 20:14:00,3.6333333333333333
2017-08-18 06:29:00,2.75
2017-08-18 16:44:00,5.25
2017-08-19 02:59:00,2.1666666666666665
2017-08-19 13:14:00,3.683333333333333
2017-08-19 23:29:00,2.433333333333333
2017-08-20 09:44:00,2.533333333333333
2017-08-20 19:59:00,2.2666666666666666
2017-08-21 06:14:00,2.216666666666667
2017-08-21 16:29:00,3.1166666666666667
2017-08-22 02:44:00,2.95
2017-08-22 12:59:00,2.283333333333333
2017-08-22 23:14:00,2.316666666666667
2017-08-23 09:29:00,2.3333333333333335
2017-08-23 19:44:00,2.3
2017-08-24 05:59:00,2.3333333333333335
2017-08-24 16:14:00,4.05
2017-08-25 02:29:00,8.266666666666667
2017-08-25 12:44:00,2.6666666666666665
2017-08-25 22:59:00,1.7
2017-08-26 09:14:00,1.4666666666666666
2017-08-26 19:29:00,2.2666666666666666
2017-08-27 05:44:00,1.4333333333333333
2017-08-27 15:59:00,2.35
2017-08-28 02:14:00,2.1666666666666665
2017-08-28 12:29:00,3.716666666666667
2017-08-28 22:44:00,1.6
2017-08-29 08:59:00,2.6333333333333333
2017-08-29 19:14:00,2.4166666666666665
2017-08-30 05:29:00,2.183333333333333
2017-08-30 15:44:00,7.0
2017-08-31 01:59:00,2.283333333333333
2017-08-31 12:14:00,3.4833333333333334
2017-08-31 22:29:00,1.8166666666666667
2017-09-01 08:44:00,2.4833333333333334
2017-09-01 18:59:00,3.5166666666666666
2017-09-02 05:14:00,2.25
2017-09-02 15:29:00,3.316666666666667
2017-09-03 01:44:00,2.1
2017-09-03 11:59:00,2.3333333333333335
2017-09-03 22:14:00,1.8333333333333333
2017-09-04 08:29:00,3.066666666666667
2017-09-04 18:44:00,3.933333333333333
2017-09-05 04:59:00,2.783333333333333
2017-09-05 15:14:00,2.8666666666666667
2017-09-06 01:29:00,2.5166666666666666
2017-09-06 11:44:00,3.3833333333333333
2017-09-06 21:59:00,2.4833333333333334
2017-09-07 08:14:00,2.4833333333333334
2017-09-07 18:29:00,3.8333333333333335
2017-09-08 04:44:00,2.4833333333333334
2017-09-08 14:59:00,3.433333333333333
2017-09-09 01:14:00,2.316666666666667
2017-09-09 11:29:00,2.8666666666666667
2017-09-09 21:44:00,2.35
2017-09-10 07:59:00,1.9833333333333334
2017-09-10 18:14:00,1.7166666666666666
2017-09-11 04:29:00,2.216666666666667
2017-09-11 14:44:00,3.433333333333333
2017-09-12 00:59:00,2.8
2017-09-12 11:14:00,2.9166666666666665
2017-09-12 21:29:00,2.85
2017-09-13 07:44:00,2.533333333333333
2017-09-13 17:59:00,3.4833333333333334
2017-09-14 04:14:00,2.75
2017-09-14 14:29:00,3.8833333333333333
2017-09-15 00:44:00,3.3666666666666667
2017-09-15 10:59:00,4.033333333333333
2017-09-15 21:14:00,2.2666666666666666
2017-09-16 07:29:00,2.8333333333333335
2017-09-16 17:44:00,3.216666666666667
2017-09-17 03:59:00,1.55
2017-09-17 14:14:00,2.533333333333333
2017-09-18 00:29:00,2.283333333333333
2017-09-18 10:44:00,2.933333333333333
2017-09-18 20:59:00,2.9166666666666665
2017-09-19 07:14:00,2.3666666666666667
2017-09-19 17:29:00,3.183333333333333
2017-09-20 03:44:00,1.8333333333333333
2017-09-20 13:59:00,4.15
2017-09-21 00:14:00,2.183333333333333
2017-09-21 10:29:00,2.4
2017-09-21 20:44:00,3.2666666666666666
2017-09-22 06:59:00,1.75
2017-09-22 17:14:00,3.6666666666666665
2017-09-23 03:29:00,1.75
2017-09-23 13:44:00,3.2333333333333334
2017-09-23 23:59:00,1.85
2017-09-24 10:14:00,2.4
2017-09-24 20:29:00,3.15
2017-09-25 06:44:00,2.933333333333333
2017-09-25 16:59:00,3.0166666666666666
2017-09-26 03:14:00,2.45
2017-09-26 13:29:00,3.3666666666666667
2017-09-26 23:44:00,2.5166666666666666
2017-09-27 09:59:00,2.9
2017-09-27 20:14:00,3.65
2017-09-28 06:29:00,2.9166666666666665
2017-09-28 20:13:00,3.0833333333333335
2017-09-29 06:28:00,2.716666666666667
2017-09-29 16:43:00,3.8333333333333335
2017-09-30 02:58:00,3.2333333333333334
2017-09-30 13:13:00,2.7333333333333334
2017-09-30 23:28:00,2.1666666666666665
2017-10-01 09:43:00,2.35
2017-10-01 19:58:00,2.066666666666667
2017-10-02 06:13:00,3.2333333333333334
2017-10-02 16:28:00,3.7
2017-10-03 02:43:00,5.75
2017-10-03 12:58:00,3.8
2017-10-03 23:13:00,3.1166666666666667
2017-10-04 09:28:00,2.7333333333333334
2017-10-04 19:43:00,3.1333333333333333
2017-10-05 05:58:00,2.7
2017-10-05 16:13:00,3.3666666666666667
2017-10-06 02:28:00,2.5166666666666666
2017-10-06 12:43:00,3.3
2017-10-06 22:58:00,2.0
2017-10-07 09:13:00,2.4833333333333334
2017-10-07 19:28:00,3.933333333333333
2017-10-08 05:43:00,2.3
2017-10-08 15:58:00,3.5166666666666666
2017-10-09 02:13:00,2.283333333333333
2017-10-09 12:28:00,3.3333333333333335
2017-10-09 22:43:00,2.816666666666667
2017-10-10 08:58:00,2.85
2017-10-10 19:13:00,4.033333333333333
2017-10-11 05:28:00,2.5833333333333335
2017-10-11 15:43:00,4.366666666666666
2017-10-12 01:58:00,2.933333333333333
2017-10-12 12:13:00,3.5833333333333335
2017-10-12 22:28:00,2.25
2017-10-13 08:43:00,3.8
2017-10-13 18:58:00,4.35
2017-10-14 05:13:00,2.75
2017-10-14 15:28:00,2.7
2017-10-15 01:43:00,2.1333333333333333
2017-10-15 11:58:00,2.8666666666666667
2017-10-15 22:13:00,2.566666666666667
2017-10-16 08:28:00,3.4833333333333334
2017-10-16 18:43:00,4.3
2017-10-17 04:58:00,3.7333333333333334
2017-10-17 15:13:00,3.933333333333333
2017-10-18 01:28:00,3.8833333333333333
2017-10-18 11:43:00,4.216666666666667
2017-10-18 21:58:00,4.383333333333334
2017-10-19 08:13:00,3.8833333333333333
2017-10-19 18:28:00,4.616666666666666
2017-10-20 04:43:00,2.066666666666667
2017-10-20 14:58:00,5.166666666666667
2017-10-21 01:13:00,1.9333333333333333
2017-10-21 11:28:00,3.066666666666667
2017-10-21 23:04:00,2.1333333333333333
2017-10-22 09:19:00,2.9833333333333334
2017-10-22 19:45:00,2.6166666666666667
2017-10-23 06:00:00,4.45
2017-10-23 16:15:00,3.7666666666666666
2017-10-24 02:30:00,3.783333333333333
2017-10-24 12:45:00,4.45
2017-10-24 23:00:00,3.8
2017-10-25 10:42:00,2.966666666666667
2017-10-26 21:37:00,2.1666666666666665
2017-10-27 07:52:00,3.05
2017-10-27 18:07:00,3.3
2017-10-28 04:22:00,1.9333333333333333
2017-10-28 14:37:00,3.1166666666666667
2017-10-29 00:52:00,3.5
2017-10-29 11:07:00,4.083333333333333
2017-10-29 21:22:00,3.8333333333333335
2017-10-30 07:37:00,3.0833333333333335
2017-10-30 17:52:00,4.866666666666666
2017-10-31 04:07:00,2.7666666666666666
2017-10-31 14:22:00,4.833333333333333
2017-11-01 00:37:00,2.3666666666666667
2017-11-01 10:52:00,3.25
2017-11-01 21:07:00,3.95
2017-11-02 07:22:00,3.316666666666667
2017-11-02 17:37:00,4.483333333333333
2017-11-03 03:52:00,2.8
2017-11-03 14:07:00,3.533333333333333
2017-11-04 00:22:00,3.05
2017-11-04 10:37:00,2.3666666666666667
2017-11-04 20:52:00,2.7
2017-11-05 07:07:00,3.1666666666666665
2017-11-05 17:22:00,3.2
2017-11-06 03:37:00,2.783333333333333
2017-11-06 13:52:00,3.7666666666666666
2017-11-07 00:07:00,2.716666666666667
2017-11-07 10:22:00,3.2333333333333334
2017-11-07 20:37:00,3.533333333333333
2017-11-08 06:52:00,3.05
2017-11-08 17:07:00,4.116666666666666
2017-11-09 03:22:00,2.5833333333333335
2017-11-09 13:37:00,4.233333333333333
2017-11-09 23:52:00,2.9833333333333334
2017-11-10 10:07:00,3.7333333333333334
2017-11-10 20:22:00,3.033333333333333
2017-11-11 06:37:00,1.55
2017-11-11 16:52:00,2.533333333333333
2017-11-12 03:07:00,6.783333333333333
2017-11-12 13:22:00,1.75
2017-11-12 23:47:00,1.3166666666666667
2017-11-13 10:02:00,4.033333333333333
2017-11-13 20:17:00,2.65
2017-11-14 06:32:00,2.3333333333333335
2017-11-14 16:47:00,4.133333333333334
2017-11-15 03:02:00,2.933333333333333
2017-11-15 13:17:00,3.3
2017-11-15 23:32:00,3.0
2017-11-16 09:47:00,3.1
2017-11-16 20:02:00,4.383333333333334
2017-11-17 06:17:00,3.316666666666667
2017-11-17 16:32:00,4.266666666666667
2017-11-18 02:47:00,3.35
2017-11-18 13:02:00,2.9166666666666665
2017-11-18 23:17:00,2.05
2017-11-19 09:32:00,2.5166666666666666
2017-11-19 19:47:00,4.066666666666666
2017-11-20 06:02:00,3.0166666666666666
2017-11-20 16:17:00,6.683333333333334
2017-11-21 02:32:00,4.166666666666667
2017-11-21 12:47:00,4.066666666666666
2017-11-21 23:02:00,4.066666666666666
2017-11-22 09:17:00,3.1333333333333333
2017-11-22 19:32:00,2.45
2017-11-23 05:47:00,4.083333333333333
2017-11-23 16:02:00,3.8666666666666667
2017-11-24 02:17:00,2.35
2017-11-24 12:32:00,3.4
2017-11-24 22:47:00,6.366666666666666
2017-11-25 09:02:00,2.6166666666666667
2017-11-25 19:17:00,3.183333333333333
2017-11-26 05:32:00,2.9166666666666665
2017-11-26 15:47:00,4.633333333333334
2017-11-27 02:02:00,4.066666666666666
2017-11-27 12:17:00,4.733333333333333
2017-11-27 22:32:00,4.333333333333333
2017-11-28 08:47:00,4.316666666666666
2017-11-28 19:02:00,5.95
2017-11-29 05:17:00,4.066666666666666
2017-11-29 15:32:00,5.666666666666667
2017-11-30 01:47:00,3.816666666666667
2017-11-30 12:02:00,3.9
2017-11-30 22:17:00,4.3
2017-12-01 08:32:00,3.4166666666666665
2017-12-01 18:47:00,4.6
2017-12-02 05:02:00,2.05
2017-12-02 15:17:00,3.7333333333333334
2017-12-03 01:32:00,7.833333333333333
2017-12-03 11:47:00,4.483333333333333
2017-12-03 22:02:00,4.116666666666666
2017-12-04 08:17:00,4.366666666666666
2017-12-04 18:32:00,4.216666666666667
2017-12-05 04:47:00,3.4
2017-12-05 15:02:00,3.566666666666667
2017-12-06 01:17:00,3.466666666666667
2017-12-06 11:32:00,10.033333333333333
2017-12-06 21:47:00,4.133333333333334
2017-12-07 08:02:00,4.85
2017-12-07 19:28:00,3.5166666666666666
2017-12-08 05:43:00,2.433333333333333
2017-12-08 15:58:00,4.25
2017-12-09 02:13:00,3.15
2017-12-09 12:28:00,3.1
2017-12-09 22:43:00,8.1
2017-12-10 08:58:00,3.1
2017-12-10 19:13:00,4.066666666666666
2017-12-11 05:28:00,3.6166666666666667
2017-12-11 15:43:00,5.166666666666667
2017-12-12 01:58:00,5.533333333333333
2017-12-12 12:13:00,3.566666666666667
2017-12-12 22:28:00,4.05
2017-12-13 08:43:00,3.433333333333333
2017-12-13 18:58:00,3.6
2017-12-14 05:13:00,6.683333333333334
2017-12-14 15:28:00,3.7666666666666666
2017-12-15 01:43:00,2.95
2017-12-15 11:58:00,4.5
2017-12-15 22:13:00,2.5
2017-12-16 08:28:00,3.566666666666667
2017-12-16 18:43:00,3.283333333333333
2017-12-17 04:58:00,3.4166666666666665
2017-12-17 15:13:00,5.966666666666667
2017-12-18 01:28:00,3.8666666666666667
2017-12-18 11:43:00,3.3
2017-12-18 21:58:00,5.866666666666666
2017-12-19 08:13:00,4.0
2017-12-19 18:28:00,2.816666666666667
2017-12-20 04:43:00,2.2333333333333334
2017-12-20 14:58:00,3.283333333333333
2017-12-21 01:13:00,1.9166666666666667
2017-12-21 11:28:00,3.466666666666667
2017-12-21 21:43:00,5.8
2017-12-22 07:58:00,2.9166666666666665
2017-12-22 18:13:00,4.416666666666667
2017-12-23 04:28:00,2.6166666666666667
2017-12-23 14:43:00,2.3666666666666667
2017-12-24 00:58:00,6.283333333333333
2017-12-24 11:13:00,5.633333333333334
2017-12-24 21:28:00,3.3333333333333335
2017-12-25 07:43:00,2.216666666666667
2017-12-25 17:58:00,3.55
2017-12-26 04:13:00,3.683333333333333
2017-12-26 14:28:00,2.716666666666667
2017-12-27 00:43:00,1.6833333333333333
2017-12-27 10:58:00,3.533333333333333
2017-12-27 21:13:00,2.3333333333333335
2017-12-28 07:28:00,2.933333333333333
2017-12-28 17:43:00,3.8
2017-12-29 03:58:00,3.2333333333333334
2017-12-29 14:13:00,3.7666666666666666
2017-12-30 00:28:00,2.183333333333333
2017-12-30 10:43:00,6.0
2017-12-30 20:58:00,3.65
2017-12-31 07:13:00,2.716666666666667
2017-12-31 17:28:00,3.25
2018-01-01 03:43:00,2.183333333333333
2018-01-01 13:58:00,2.55
2018-01-02 00:13:00,3.1333333333333333
2018-01-02 10:28:00,4.05
2018-01-02 20:43:00,4.566666666666666
2018-01-03 06:58:00,2.45
2018-01-03 17:13:00,7.316666666666666
2018-01-04 03:28:00,1.7166666666666666
2018-01-04 13:43:00,3.3
2018-01-04 23:58:00,6.416666666666667
2018-01-05 10:13:00,2.7666666666666666
2018-01-05 20:28:00,4.233333333333333
2018-01-06 06:43:00,3.533333333333333
2018-01-06 16:58:00,7.0
2018-01-07 03:13:00,5.85
2018-01-07 13:28:00,3.1333333333333333
2018-01-07 23:43:00,3.2333333333333334
2018-01-08 09:58:00,4.066666666666666
2018-01-08 20:13:00,4.533333333333333
2018-01-09 06:28:00,3.4833333333333334
2018-01-09 16:43:00,4.283333333333333
2018-01-10 02:58:00,2.8333333333333335
2018-01-10 13:13:00,4.983333333333333
2018-01-10 23:28:00,3.5166666666666666
2018-01-11 09:43:00,3.05
2018-01-11 19:58:00,5.433333333333334
2018-01-12 06:13:00,6.183333333333334
2018-01-12 16:28:00,4.166666666666667
2018-01-13 02:43:00,3.1
2018-01-13 12:58:00,3.6
2018-01-13 23:13:00,1.8666666666666667
2018-01-14 09:28:00,2.05
2018-01-14 19:43:00,3.066666666666667
2018-01-15 05:58:00,2.75
2018-01-15 16:13:00,3.9833333333333334
2018-01-16 02:28:00,5.533333333333333
2018-01-16 12:43:00,3.45
2018-01-16 22:58:00,7.083333333333333
2018-01-17 09:13:00,2.95
2018-01-17 19:28:00,4.083333333333333
2018-01-18 05:43:00,2.433333333333333
2018-01-18 15:58:00,5.033333333333333
2018-01-19 02:13:00,2.316666666666667
2018-01-19 12:28:00,4.083333333333333
2018-01-19 22:43:00,2.4166666666666665
2018-01-20 08:58:00,2.8833333333333333
2018-01-20 19:13:00,2.716666666666667
2018-01-21 05:28:00,2.1333333333333333
2018-01-21 15:43:00,2.183333333333333
2018-01-22 01:58:00,2.066666666666667
2018-01-22 12:13:00,2.283333333333333
2018-01-22 22:28:00,3.8833333333333333
2018-01-23 08:43:00,2.2666666666666666
2018-01-23 19:25:00,3.3333333333333335
2018-01-24 05:40:00,1.95
2018-01-24 15:55:00,3.3833333333333333
2018-01-25 02:10:00,3.2333333333333334
2018-01-25 12:25:00,2.566666666666667
2018-01-25 22:40:00,2.3666666666666667
2018-01-26 08:55:00,1.7666666666666666
2018-01-26 19:10:00,3.033333333333333
2018-01-27 05:25:00,1.1333333333333333
2018-01-27 15:40:00,1.5666666666666667
2018-01-28 01:55:00,1.35
