2011-09-29 03:00:00,933111.0
2011-09-30 16:00:00,937182.0
2011-10-02 05:00:00,940405.0
2011-10-03 18:00:00,944584.0
2011-10-05 07:00:00,946983.0
2011-10-06 20:00:00,949795.0
2011-10-08 09:00:00,954207.0
2011-10-09 22:00:00,956890.0
2011-10-11 11:00:00,959973.0
2011-10-13 00:00:00,963317.0
2011-10-14 13:00:00,965122.0
2011-10-16 02:00:00,968842.0
2011-10-17 15:00:00,971292.0
2011-10-19 04:00:00,973840.0
2011-10-20 17:00:00,976935.0
2011-10-22 06:00:00,981660.0
2011-10-23 19:00:00,984614.0
2011-10-25 08:00:00,989316.0
2011-10-26 21:00:00,993442.0
2011-10-28 10:00:00,996040.0
2011-10-29 23:00:00,998444.0
2011-10-31 12:00:00,1001992.0
2011-11-02 01:00:00,1004721.0
2011-11-03 14:00:00,1007634.0
2011-11-05 03:00:00,1010151.0
2011-11-06 16:00:00,1013962.0
2011-11-08 05:00:00,1017456.0
2011-11-09 18:00:00,1019940.0
2011-11-11 07:00:00,1023227.0
2011-11-12 20:00:00,1025800.0
2011-11-14 09:00:00,1029972.0
2011-11-15 22:00:00,1033344.0
2011-11-17 11:00:00,1035738.0
2011-11-19 00:00:00,1037889.0
2011-11-20 13:00:00,1040359.0
2011-11-22 02:00:00,1043972.0
2011-11-23 15:00:00,1046492.0
2011-11-25 04:00:00,1048993.0
2011-11-26 17:00:00,1051280.0
2011-11-28 06:00:00,1055200.0
2011-11-29 19:00:00,1056440.0
2011-12-01 08:00:00,1056645.0
2011-12-02 21:00:00,1059524.0
2011-12-04 10:00:00,1062807.0
2011-12-05 23:00:00,1066367.0
2011-12-07 12:00:00,1069314.0
2011-12-09 01:00:00,1070736.0
2011-12-10 14:00:00,1075352.0
2011-12-12 03:00:00,1075511.0
2011-12-13 16:00:00,1077068.0
2011-12-15 05:00:00,1081468.0
2011-12-16 18:00:00,1083350.0
2011-12-18 07:00:00,1085069.0
2011-12-19 20:00:00,1087654.0
2011-12-21 09:00:00,1086600.0
2011-12-22 22:00:00,1090074.0
2011-12-24 11:00:00,1093391.0
2011-12-26 00:00:00,1097350.0
2011-12-27 13:00:00,1101209.0
2011-12-29 02:00:00,1103112.0
2011-12-30 15:00:00,1105758.0
2012-01-01 04:00:00,1107006.0
2012-01-02 17:00:00,1105692.0
2012-01-04 06:00:00,1105442.0
2012-01-05 19:00:00,1103310.0
2012-01-07 08:00:00,1100764.0
2012-01-08 21:00:00,1100676.0
2012-01-10 10:00:00,1099649.0
2012-01-11 23:00:00,1092148.0
2012-01-13 12:00:00,1094826.0
2012-01-15 01:00:00,1098160.0
2012-01-16 14:00:00,1099934.0
2012-01-18 03:00:00,1102871.0
2012-01-19 16:00:00,1105183.0
2012-01-21 05:00:00,1108906.0
2012-01-22 18:00:00,1111504.0
2012-01-24 07:00:00,1115758.0
2012-01-25 20:00:00,1118137.0
2012-01-27 09:00:00,1120985.0
2012-01-28 22:00:00,1123580.0
2012-01-30 11:00:00,1126586.0
2012-02-01 00:00:00,1129977.0
2012-02-02 13:00:00,1134214.0
2012-02-04 02:00:00,1137625.0
2012-02-05 15:00:00,1141098.0
2012-02-07 04:00:00,1144725.0
2012-02-08 17:00:00,1149747.0
2012-02-10 06:00:00,1153484.0
2012-02-11 19:00:00,1155259.0
2012-02-13 08:00:00,1161380.0
2012-02-14 21:00:00,1164912.0
2012-02-16 10:00:00,1168322.0
2012-02-17 23:00:00,1171697.0
2012-02-19 12:00:00,1178469.0
2012-02-21 01:00:00,1183021.0
2012-02-22 14:00:00,1187396.0
2012-02-24 03:00:00,1190725.0
2012-02-25 16:00:00,1195079.0
2012-02-27 05:00:00,1198504.0
2012-02-28 18:00:00,1203430.0
2012-03-01 07:00:00,1208770.0
2012-03-02 20:00:00,1210668.0
2012-03-04 09:00:00,1215797.0
2012-03-05 22:00:00,1220169.0
2012-03-07 11:00:00,1223357.0
2012-03-09 00:00:00,1229922.0
2012-03-10 13:00:00,1232493.0
2012-03-12 02:00:00,1236206.0
2012-03-13 15:00:00,1241560.0
2012-03-15 04:00:00,1240143.0
2012-03-16 17:00:00,1244073.0
2012-03-18 06:00:00,1249727.0
2012-03-19 19:00:00,1253933.0
2012-03-21 08:00:00,1257359.0
2012-03-22 21:00:00,1263334.0
2012-03-24 10:00:00,1268752.0
2012-03-25 23:00:00,1272622.0
2012-03-27 12:00:00,1276651.0
2012-03-29 01:00:00,1281144.0
2012-03-30 14:00:00,1286879.0
2012-04-01 03:00:00,1290978.0
2012-04-02 16:00:00,1294666.0
2012-04-04 05:00:00,1296649.0
2012-04-05 18:00:00,1297185.0
2012-04-07 07:00:00,1298336.0
2012-04-08 20:00:00,1303047.0
2012-04-10 09:00:00,1308022.0
2012-04-11 22:00:00,1311430.0
2012-04-13 11:00:00,1315964.0
2012-04-15 00:00:00,1320861.0
2012-04-16 13:00:00,1325584.0
2012-04-18 02:00:00,1326136.0
2012-04-19 15:00:00,1327604.0
2012-04-21 04:00:00,1327698.0
2012-04-22 17:00:00,1329664.0
2012-04-24 06:00:00,1334324.0
2012-04-25 19:00:00,1338177.0
2012-04-27 08:00:00,1343151.0
2012-04-28 21:00:00,1347534.0
2012-04-30 10:00:00,1353149.0
2012-05-01 23:00:00,1357800.0
2012-05-03 12:00:00,1362037.0
2012-05-05 01:00:00,1366942.0
2012-05-06 14:00:00,1369679.0
2012-05-08 03:00:00,1374829.0
2012-05-09 16:00:00,1378519.0
2012-05-11 05:00:00,1380080.0
2012-05-12 18:00:00,1383577.0
2012-05-14 07:00:00,1389007.0
2012-05-15 20:00:00,1392100.0
2012-05-17 09:00:00,1393812.0
2012-05-18 22:00:00,1397247.0
2012-05-20 11:00:00,1403833.0
2012-05-22 00:00:00,1408888.0
2012-05-23 13:00:00,1414969.0
2012-05-25 02:00:00,1419895.0
2012-05-26 15:00:00,1426882.0
2012-05-28 04:00:00,1430234.0
2012-05-29 17:00:00,1433516.0
2012-05-31 06:00:00,1438098.0
2012-06-01 19:00:00,1442173.0
2012-06-03 08:00:00,1448697.0
2012-06-04 21:00:00,1453479.0
2012-06-06 10:00:00,1458355.0
2012-06-07 23:00:00,1460910.0
2012-06-09 12:00:00,1463988.0
2012-06-11 01:00:00,1471469.0
2012-06-12 14:00:00,1478802.0
2012-06-14 03:00:00,1491167.0
2012-06-15 16:00:00,1492938.0
2012-06-17 05:00:00,1497797.0
2012-06-18 18:00:00,1509605.0
2012-06-20 07:00:00,1513865.0
2012-06-21 20:00:00,1523322.0
2012-06-23 09:00:00,1528540.0
2012-06-24 22:00:00,1531289.0
2012-06-26 11:00:00,1539276.0
2012-06-28 00:00:00,1551063.0
2012-06-29 13:00:00,1559666.0
2012-07-01 02:00:00,1570038.0
2012-07-02 15:00:00,1579044.0
2012-07-04 04:00:00,1586811.0
2012-07-05 17:00:00,1596085.0
2012-07-07 06:00:00,1605133.0
2012-07-08 19:00:00,1608912.0
2012-07-10 08:00:00,1618710.0
2012-07-11 21:00:00,1623493.0
2012-07-13 10:00:00,1626926.0
2012-07-14 23:00:00,1632471.0
2012-07-16 12:00:00,1639630.0
2012-07-18 01:00:00,1640296.0
2012-07-19 14:00:00,1640049.0
2012-07-21 03:00:00,1648653.0
2012-07-22 16:00:00,1660136.0
2012-07-24 05:00:00,1669871.0
2012-07-25 18:00:00,1679375.0
2012-07-27 07:00:00,1689846.0
2012-07-28 20:00:00,1706603.0
2012-07-30 09:00:00,1713957.0
2012-07-31 22:00:00,1715620.0
2012-08-02 11:00:00,1724546.0
2012-08-04 00:00:00,1729763.0
2012-08-05 13:00:00,1737443.0
2012-08-07 02:00:00,1751390.0
2012-08-08 15:00:00,1763983.0
2012-08-10 04:00:00,1774173.0
2012-08-11 17:00:00,1787475.0
2012-08-13 06:00:00,1814266.0
2012-08-14 19:00:00,1834003.0
2012-08-16 08:00:00,1842358.0
2012-08-17 21:00:00,1848098.0
2012-08-19 10:00:00,1854624.0
2012-08-20 23:00:00,1846520.0
2012-08-22 12:00:00,1865410.0
2012-08-24 01:00:00,1878650.0
2012-08-25 14:00:00,1893850.0
2012-08-27 03:00:00,1904838.0
2012-08-28 16:00:00,1919226.0
2012-08-30 05:00:00,1932156.0
2012-08-31 18:00:00,1942911.0
2012-09-02 07:00:00,1958405.0
2012-09-03 20:00:00,1970487.0
2012-09-05 09:00:00,1978791.0
2012-09-06 22:00:00,1987775.0
2012-09-08 11:00:00,1997101.0
2012-09-10 00:00:00,2009840.0
2012-09-11 13:00:00,2025642.0
2012-09-13 02:00:00,2040557.0
2012-09-14 15:00:00,2053910.0
2012-09-16 04:00:00,2067795.0
2012-09-17 17:00:00,2077136.0
2012-09-19 06:00:00,2091935.0
2012-09-20 19:00:00,2110318.0
2012-09-22 08:00:00,2121503.0
2012-09-23 21:00:00,2127038.0
2012-09-25 10:00:00,2141079.0
2012-09-26 23:00:00,2155735.0
2012-09-28 12:00:00,2176164.0
2012-09-30 01:00:00,2186997.0
2012-10-01 14:00:00,2199315.0
2012-10-03 03:00:00,2215394.0
2012-10-04 16:00:00,2210857.0
2012-10-06 05:00:00,2227405.0
2012-10-07 18:00:00,2238712.0
2012-10-09 07:00:00,2261760.0
2012-10-10 20:00:00,2279579.0
2012-10-12 09:00:00,2302011.0
2012-10-13 22:00:00,2319828.0
2012-10-15 11:00:00,2339186.0
2012-10-17 00:00:00,2357536.0
2012-10-18 13:00:00,2373238.0
2012-10-20 02:00:00,2382284.0
2012-10-21 15:00:00,2402135.0
2012-10-23 04:00:00,2418021.0
2012-10-24 17:00:00,2437105.0
2012-10-26 06:00:00,2445213.0
2012-10-27 19:00:00,2457890.0
2012-10-29 08:00:00,2466343.0
2012-10-30 21:00:00,2474816.0
2012-11-01 10:00:00,2483557.0
2012-11-02 23:00:00,2499853.0
2012-11-04 12:00:00,2514524.0
2012-11-06 01:00:00,2522575.0
2012-11-07 14:00:00,2537993.0
2012-11-09 03:00:00,2551442.0
2012-11-10 16:00:00,2562409.0
2012-11-12 05:00:00,2579708.0
2012-11-13 18:00:00,2588872.0
2012-11-15 07:00:00,2603529.0
2012-11-16 20:00:00,2617504.0
2012-11-18 09:00:00,2666534.0
2012-11-19 22:00:00,2680416.0
2012-11-21 11:00:00,2692495.0
2012-11-23 00:00:00,2706660.0
2012-11-24 13:00:00,2716274.0
2012-11-26 02:00:00,2728539.0
2012-11-27 15:00:00,2739800.0
2012-11-29 04:00:00,2749969.0
2012-11-30 17:00:00,2763347.0
2012-12-02 06:00:00,2778900.0
2012-12-03 19:00:00,2786291.0
2012-12-05 08:00:00,2790376.0
2012-12-06 21:00:00,2797537.0
2012-12-08 10:00:00,2806200.0
2012-12-09 23:00:00,2814440.0
2012-12-11 12:00:00,2839959.0
2012-12-13 01:00:00,2848792.0
2012-12-14 14:00:00,2857704.0
2012-12-16 03:00:00,2867170.0
2012-12-17 16:00:00,2884459.0
2012-12-19 05:00:00,2913558.0
2012-12-20 18:00:00,2926507.0
2012-12-22 07:00:00,2935111.0
2012-12-23 20:00:00,2954284.0
2012-12-25 09:00:00,2959744.0
2012-12-26 22:00:00,2964843.0
2012-12-28 11:00:00,2979703.0
2012-12-30 00:00:00,2995591.0
2012-12-31 13:00:00,3015303.0
2013-01-02 02:00:00,3035210.0
2013-01-03 15:00:00,3058469.0
2013-01-05 04:00:00,3075341.0
2013-01-06 17:00:00,3100174.0
2013-01-08 06:00:00,3117683.0
2013-01-09 19:00:00,3114647.0
2013-01-11 08:00:00,3131671.0
2013-01-12 21:00:00,3150602.0
2013-01-14 10:00:00,3160579.0
2013-01-15 23:00:00,3180993.0
2013-01-17 12:00:00,3195752.0
2013-01-19 01:00:00,3199951.0
2013-01-20 14:00:00,3217087.0
2013-01-22 03:00:00,3225887.0
2013-01-23 16:00:00,3230490.0
2013-01-25 05:00:00,3229979.0
2013-01-26 18:00:00,3242328.0
2013-01-28 07:00:00,3257980.0
2013-01-29 20:00:00,3269129.0
2013-01-31 09:00:00,3279607.0
2013-02-01 22:00:00,3295638.0
2013-02-03 11:00:00,3308681.0
2013-02-05 00:00:00,3321983.0
2013-02-06 13:00:00,3337325.0
2013-02-08 02:00:00,3357133.0
2013-02-09 15:00:00,3369583.0
2013-02-11 04:00:00,3385945.0
2013-02-12 17:00:00,3391814.0
2013-02-14 06:00:00,3401125.0
2013-02-15 19:00:00,3404452.0
2013-02-17 08:00:00,3425805.0
2013-02-18 21:00:00,3440464.0
2013-02-20 10:00:00,3452732.0
2013-02-21 23:00:00,3462770.0
2013-02-23 12:00:00,3478324.0
2013-02-25 01:00:00,3497249.0
2013-02-26 14:00:00,3512551.0
2013-02-28 03:00:00,3528857.0
2013-03-01 16:00:00,3550567.0
2013-03-03 05:00:00,3564228.0
2013-03-04 18:00:00,3579885.0
2013-03-06 07:00:00,3581696.0
2013-03-07 20:00:00,3581490.0
2013-03-09 09:00:00,3592935.0
2013-03-10 22:00:00,3608994.0
2013-03-12 11:00:00,3623564.0
2013-03-14 00:00:00,3642540.0
2013-03-15 13:00:00,3670646.0
2013-03-17 02:00:00,3708855.0
2013-03-18 15:00:00,3727555.0
2013-03-20 04:00:00,3736765.0
2013-03-21 17:00:00,3755385.0
2013-03-23 06:00:00,3771899.0
2013-03-24 19:00:00,3794145.0
2013-03-26 08:00:00,3815618.0
2013-03-27 21:00:00,3843610.0
2013-03-29 10:00:00,3854485.0
2013-03-30 23:00:00,3853124.0
2013-04-01 12:00:00,3864616.0
2013-04-03 01:00:00,3906160.0
2013-04-04 14:00:00,3961731.0
2013-04-06 03:00:00,3991392.0
2013-04-07 16:00:00,4040617.0
2013-04-09 05:00:00,4100275.0
2013-04-10 18:00:00,4126521.0
2013-04-12 07:00:00,4155715.0
2013-04-13 20:00:00,4201708.0
2013-04-15 09:00:00,4277136.0
2013-04-16 22:00:00,4320175.0
2013-04-18 11:00:00,4378627.0
2013-04-20 00:00:00,4429826.0
2013-04-21 13:00:00,4472484.0
2013-04-23 02:00:00,4544065.0
2013-04-24 15:00:00,4599544.0
2013-04-26 04:00:00,4644298.0
2013-04-27 17:00:00,4697895.0
2013-04-29 06:00:00,4811507.0
2013-04-30 19:00:00,4856787.0
2013-05-02 08:00:00,4907107.0
2013-05-03 21:00:00,4957635.0
2013-05-05 10:00:00,5031463.0
2013-05-06 23:00:00,5099466.0
2013-05-08 12:00:00,5207828.0
2013-05-10 01:00:00,5267140.0
2013-05-11 14:00:00,5339961.0
2013-05-13 03:00:00,5403054.0
2013-05-14 16:00:00,5479641.0
2013-05-16 05:00:00,5529609.0
2013-05-17 18:00:00,5596372.0
2013-05-19 07:00:00,5621609.0
2013-05-20 20:00:00,5684656.0
2013-05-22 09:00:00,5728014.0
2013-05-23 22:00:00,5768989.0
2013-05-25 11:00:00,5799417.0
2013-05-27 00:00:00,5827052.0
2013-05-28 13:00:00,5861495.0
2013-05-30 02:00:00,5890399.0
2013-05-31 15:00:00,5915245.0
2013-06-02 04:00:00,5942597.0
2013-06-03 17:00:00,5957166.0
2013-06-05 06:00:00,6000138.0
2013-06-06 19:00:00,6020880.0
2013-06-08 08:00:00,6032125.0
2013-06-09 21:00:00,6046551.0
2013-06-11 10:00:00,6068816.0
2013-06-12 23:00:00,6093112.0
2013-06-14 12:00:00,6110877.0
2013-06-16 01:00:00,6117740.0
2013-06-17 14:00:00,6129758.0
2013-06-19 03:00:00,6140208.0
2013-06-20 16:00:00,6151353.0
2013-06-22 05:00:00,6156837.0
2013-06-23 18:00:00,6167269.0
2013-06-25 07:00:00,6179489.0
2013-06-26 20:00:00,6193104.0
2013-06-28 09:00:00,6204269.0
2013-06-29 22:00:00,6226958.0
2013-07-01 11:00:00,6239784.0
2013-07-03 00:00:00,6252802.0
2013-07-04 13:00:00,6272255.0
2013-07-06 02:00:00,6283035.0
2013-07-07 15:00:00,6292153.0
2013-07-09 04:00:00,6304518.0
2013-07-10 17:00:00,6322559.0
2013-07-12 06:00:00,6361579.0
2013-07-13 19:00:00,6371224.0
2013-07-15 08:00:00,6386758.0
2013-07-16 21:00:00,6402787.0
2013-07-18 10:00:00,6413729.0
2013-07-19 23:00:00,6429375.0
2013-07-21 12:00:00,6447487.0
2013-07-23 01:00:00,6456236.0
2013-07-24 14:00:00,6472108.0
2013-07-26 03:00:00,6481192.0
2013-07-27 16:00:00,6487637.0
2013-07-29 05:00:00,6493651.0
2013-07-30 18:00:00,6504967.0
2013-08-01 07:00:00,6518796.0
2013-08-02 20:00:00,6549387.0
2013-08-04 09:00:00,6552345.0
2013-08-05 22:00:00,6559412.0
2013-08-07 11:00:00,6572151.0
2013-08-09 00:00:00,6583466.0
2013-08-10 13:00:00,6595952.0
2013-08-12 02:00:00,6603788.0
2013-08-13 15:00:00,6587621.0
2013-08-15 04:00:00,6583628.0
2013-08-16 17:00:00,6589089.0
2013-08-18 06:00:00,6600474.0
2013-08-19 19:00:00,6609054.0
2013-08-21 08:00:00,6619040.0
2013-08-22 21:00:00,6631311.0
2013-08-24 10:00:00,6628417.0
2013-08-25 23:00:00,6627204.0
2013-08-27 12:00:00,6634880.0
2013-08-29 01:00:00,6637530.0
2013-08-30 14:00:00,6653498.0
2013-09-01 03:00:00,6682450.0
2013-09-02 16:00:00,6698806.0
2013-09-04 05:00:00,6696609.0
2013-09-05 18:00:00,6708425.0
2013-09-07 07:00:00,6719240.0
2013-09-08 20:00:00,6734342.0
2013-09-10 09:00:00,6741442.0
2013-09-11 22:00:00,6758585.0
2013-09-13 11:00:00,6772023.0
2013-09-15 00:00:00,6785849.0
2013-09-16 13:00:00,6794255.0
2013-09-18 02:00:00,6791910.0
2013-09-19 15:00:00,6807314.0
2013-09-21 04:00:00,6827052.0
2013-09-22 17:00:00,6846236.0
2013-09-24 06:00:00,6861861.0
2013-09-25 19:00:00,6884630.0
2013-09-27 08:00:00,6894863.0
2013-09-28 21:00:00,6905467.0
2013-09-30 10:00:00,6915966.0
2013-10-01 23:00:00,6938908.0
2013-10-03 12:00:00,6942531.0
2013-10-05 01:00:00,6952003.0
2013-10-06 14:00:00,6964486.0
2013-10-08 03:00:00,6971561.0
2013-10-09 16:00:00,6995386.0
2013-10-11 05:00:00,7008459.0
2013-10-12 18:00:00,7022174.0
2013-10-14 07:00:00,7030942.0
2013-10-15 20:00:00,7039654.0
2013-10-17 09:00:00,7051732.0
2013-10-18 22:00:00,7062537.0
2013-10-20 11:00:00,7067354.0
2013-10-22 00:00:00,7074124.0
2013-10-23 13:00:00,7084875.0
2013-10-25 02:00:00,7064398.0
2013-10-26 15:00:00,7065187.0
2013-10-28 04:00:00,7083229.0
2013-10-29 17:00:00,7095221.0
2013-10-31 06:00:00,7110286.0
2013-11-01 19:00:00,7121799.0
2013-11-03 08:00:00,7121659.0
2013-11-04 21:00:00,7129085.0
2013-11-06 10:00:00,7133136.0
2013-11-07 23:00:00,7115862.0
2013-11-09 12:00:00,7114682.0
2013-11-11 01:00:00,7120177.0
2013-11-12 14:00:00,7141237.0
2013-11-14 03:00:00,7156202.0
2013-11-15 16:00:00,7179577.0
2013-11-17 05:00:00,7214505.0
2013-11-18 18:00:00,7221679.0
2013-11-20 07:00:00,7207111.0
2013-11-21 20:00:00,7174176.0
2013-11-23 09:00:00,7194544.0
2013-11-24 22:00:00,7205550.0
2013-11-26 11:00:00,7237852.0
2013-11-28 00:00:00,7249363.0
2013-11-29 13:00:00,7278226.0
2013-12-01 02:00:00,7293568.0
2013-12-02 15:00:00,7314224.0
2013-12-04 04:00:00,7342314.0
2013-12-05 17:00:00,7358360.0
2013-12-07 06:00:00,7390059.0
2013-12-08 19:00:00,7425155.0
2013-12-10 08:00:00,7456417.0
2013-12-11 21:00:00,7483372.0
2013-12-13 10:00:00,7518991.0
2013-12-14 23:00:00,7511310.0
2013-12-16 12:00:00,7514008.0
2013-12-18 01:00:00,7550701.0
2013-12-19 14:00:00,7581116.0
2013-12-21 03:00:00,7592750.0
2013-12-22 16:00:00,7625119.0
2013-12-24 05:00:00,7676590.0
2013-12-25 18:00:00,7707788.0
2013-12-27 07:00:00,7722615.0
2013-12-28 20:00:00,7747459.0
2013-12-30 09:00:00,7742292.0
2013-12-31 22:00:00,7788326.0
2014-01-02 11:00:00,7830654.0
2014-01-04 00:00:00,7838221.0
2014-01-05 13:00:00,7858463.0
2014-01-07 02:00:00,7868915.0
2014-01-08 15:00:00,7911414.0
2014-01-10 04:00:00,7953605.0
2014-01-11 17:00:00,7981176.0
2014-01-13 06:00:00,8016751.0
2014-01-14 19:00:00,8070303.0
2014-01-16 08:00:00,8109473.0
2014-01-17 21:00:00,8141528.0
2014-01-19 10:00:00,8172640.0
2014-01-20 23:00:00,8210774.0
2014-01-22 12:00:00,8237872.0
2014-01-24 01:00:00,8270065.0
2014-01-25 14:00:00,8306721.0
2014-01-27 03:00:00,8332015.0
2014-01-28 16:00:00,8393357.0
2014-01-30 05:00:00,8440241.0
2014-01-31 18:00:00,8475039.0
2014-02-02 07:00:00,8522278.0
2014-02-03 20:00:00,8562252.0
2014-02-05 09:00:00,8607704.0
2014-02-06 22:00:00,8636694.0
2014-02-08 11:00:00,8666756.0
2014-02-10 00:00:00,8701518.0
2014-02-11 13:00:00,8754576.0
2014-02-13 02:00:00,8706100.0
2014-02-14 15:00:00,8721264.0
2014-02-16 04:00:00,8750153.0
2014-02-17 17:00:00,8763316.0
2014-02-19 06:00:00,8823397.0
2014-02-20 19:00:00,8853926.0
2014-02-22 08:00:00,8898421.0
2014-02-23 21:00:00,8927611.0
2014-02-25 10:00:00,8990309.0
2014-02-26 23:00:00,9018667.0
2014-02-28 12:00:00,9054328.0
2014-03-02 01:00:00,9067460.0
2014-03-03 14:00:00,9102166.0
2014-03-05 03:00:00,9134324.0
2014-03-06 16:00:00,9161876.0
2014-03-08 05:00:00,9200604.0
2014-03-09 18:00:00,9245779.0
2014-03-11 07:00:00,9303313.0
2014-03-12 20:00:00,9322791.0
2014-03-14 09:00:00,9343582.0
2014-03-15 22:00:00,9356685.0
2014-03-17 11:00:00,9402406.0
2014-03-19 00:00:00,9456478.0
2014-03-20 13:00:00,9491113.0
2014-03-22 02:00:00,9499146.0
2014-03-23 15:00:00,9502355.0
2014-03-25 04:00:00,9568530.0
2014-03-26 17:00:00,9591735.0
2014-03-28 06:00:00,9610917.0
2014-03-29 19:00:00,9655268.0
2014-03-31 08:00:00,9729246.0
2014-04-01 21:00:00,9751956.0
2014-04-03 10:00:00,9772807.0
2014-04-04 23:00:00,9791132.0
2014-04-06 12:00:00,9835745.0
2014-04-08 01:00:00,9896341.0
2014-04-09 14:00:00,9914647.0
2014-04-11 03:00:00,9938562.0
2014-04-12 16:00:00,9960887.0
2014-04-14 05:00:00,10037455
2014-04-15 18:00:00,10034347
2014-04-17 07:00:00,10027883
2014-04-18 20:00:00,10050770
2014-04-20 09:00:00,10077310
2014-04-21 22:00:00,10137941
2014-04-23 11:00:00,10177457
2014-04-25 00:00:00,10194360
2014-04-26 13:00:00,10230762
2014-04-28 02:00:00,10289487
2014-04-29 15:00:00,10328804
2014-05-01 04:00:00,10344318
2014-05-02 17:00:00,10373212
2014-05-04 06:00:00,10407579
2014-05-05 19:00:00,10472740
2014-05-07 08:00:00,10500950
2014-05-08 21:00:00,10524059
2014-05-10 10:00:00,10557084
2014-05-11 23:00:00,10634304
2014-05-13 12:00:00,10651126
2014-05-15 01:00:00,10669200
2014-05-16 14:00:00,10693758
2014-05-18 03:00:00,10684067
2014-05-19 16:00:00,10726212
2014-05-21 05:00:00,10732648
2014-05-22 18:00:00,10733446
2014-05-24 07:00:00,10749494
2014-05-25 20:00:00,10800035
2014-05-27 09:00:00,10800024
2014-05-28 22:00:00,10810989
2014-05-30 11:00:00,10829049
2014-06-01 00:00:00,10843831
2014-06-02 13:00:00,10891888
2014-06-04 02:00:00,10902307
2014-06-05 15:00:00,10925561
2014-06-07 04:00:00,10943219
2014-06-08 17:00:00,11016982
2014-06-10 06:00:00,11033461
2014-06-11 19:00:00,11039748
2014-06-13 08:00:00,11053131
2014-06-14 21:00:00,11082980
2014-06-16 10:00:00,11162756
2014-06-17 23:00:00,11197920
2014-06-19 12:00:00,11224476
2014-06-21 01:00:00,11243120
2014-06-22 14:00:00,11285536
2014-06-24 03:00:00,11347043
2014-06-25 16:00:00,11372392
2014-06-27 05:00:00,11401126
2014-06-28 18:00:00,11422560
2014-06-30 07:00:00,11507552
2014-07-01 20:00:00,11489850
2014-07-03 09:00:00,11505222
2014-07-04 22:00:00,11533915
2014-07-06 11:00:00,11585770
2014-07-08 00:00:00,11655738
2014-07-09 13:00:00,11673973
2014-07-11 02:00:00,11694903
2014-07-12 15:00:00,11732084
2014-07-14 04:00:00,11812893
2014-07-15 17:00:00,11840324
2014-07-17 06:00:00,11861007
2014-07-18 19:00:00,11869459
2014-07-20 08:00:00,11906690
2014-07-21 21:00:00,11973607
2014-07-23 10:00:00,11987837
2014-07-24 23:00:00,12007707
2014-07-26 12:00:00,12035869
2014-07-28 01:00:00,12113558
2014-07-29 14:00:00,12134255
2014-07-31 03:00:00,12149614
2014-08-01 16:00:00,12171710
2014-08-03 05:00:00,12205815
2014-08-04 18:00:00,12261364
2014-08-06 07:00:00,12289479
2014-08-07 20:00:00,12306908
2014-08-09 09:00:00,12319647
2014-08-10 22:00:00,12395583
2014-08-12 11:00:00,12419125
2014-08-14 00:00:00,12430113
2014-08-15 13:00:00,12433614
2014-08-17 02:00:00,12391536
2014-08-18 15:00:00,12465142
2014-08-20 04:00:00,12509077
2014-08-21 17:00:00,12540356
2014-08-23 06:00:00,12560194
2014-08-24 19:00:00,12654961
2014-08-26 08:00:00,12669664
2014-08-27 21:00:00,12666859
2014-08-29 10:00:00,12716303
2014-08-30 23:00:00,12749475
2014-09-01 12:00:00,12851682
2014-09-03 01:00:00,12860107
2014-09-04 14:00:00,12865637
2014-09-06 03:00:00,12894862
2014-09-07 16:00:00,13033625
2014-09-09 05:00:00,13046760
2014-09-10 18:00:00,12981675
2014-09-12 07:00:00,13008448
2014-09-13 20:00:00,13028451
2014-09-15 09:00:00,13151614
2014-09-16 22:00:00,13133431
2014-09-18 11:00:00,13155969
2014-09-20 00:00:00,13158254
2014-09-21 13:00:00,13195986
2014-09-23 02:00:00,13283403
2014-09-24 15:00:00,13304662
2014-09-26 04:00:00,13340521
2014-09-27 17:00:00,13368995
2014-09-29 06:00:00,13487506
2014-09-30 19:00:00,13497951
2014-10-02 08:00:00,13549492
2014-10-03 21:00:00,13586142
2014-10-05 10:00:00,13656809
2014-10-06 23:00:00,13736763
2014-10-08 12:00:00,13742491
2014-10-10 01:00:00,13753370
2014-10-11 14:00:00,13787252
2014-10-13 03:00:00,13898703
2014-10-14 16:00:00,13900713
2014-10-16 05:00:00,13914228
2014-10-17 18:00:00,13914486
2014-10-19 07:00:00,13947503
2014-10-20 20:00:00,14045311
2014-10-22 09:00:00,14050826
2014-10-23 22:00:00,14056140
2014-10-25 11:00:00,14124781
2014-10-27 00:00:00,14184747
2014-10-28 13:00:00,14205735
2014-10-30 02:00:00,14227753
2014-10-31 15:00:00,14241171
2014-11-02 04:00:00,14270006
2014-11-03 17:00:00,14374097
2014-11-05 06:00:00,14384510
2014-11-06 19:00:00,14383129
2014-11-08 08:00:00,14361907
2014-11-09 21:00:00,14468859
2014-11-11 10:00:00,14486557
2014-11-12 23:00:00,14474692
2014-11-14 12:00:00,14493574
2014-11-16 01:00:00,14508548
2014-11-17 14:00:00,14613595
2014-11-19 03:00:00,14622094
2014-11-20 16:00:00,14627514
2014-11-22 05:00:00,14648435
2014-11-23 18:00:00,14786750
2014-11-25 07:00:00,14780289
2014-11-26 20:00:00,14782437
2014-11-28 09:00:00,14803716
2014-11-29 22:00:00,14809260
2014-12-01 11:00:00,14912496
2014-12-03 00:00:00,14923998
2014-12-04 13:00:00,14929341
2014-12-06 02:00:00,14983431
2014-12-07 15:00:00,15017292
2014-12-09 04:00:00,15103396
2014-12-10 17:00:00,15103917
2014-12-12 06:00:00,15123438
2014-12-13 19:00:00,15152274
2014-12-15 08:00:00,15283012
2014-12-16 21:00:00,15277875
2014-12-18 10:00:00,15272112
2014-12-19 23:00:00,15306835
2014-12-21 12:00:00,15372329
2014-12-23 01:00:00,15421037
2014-12-24 14:00:00,15409186
2014-12-26 03:00:00,15431779
2014-12-27 16:00:00,15478447
2014-12-29 05:00:00,15582782
2014-12-30 18:00:00,15586657
2015-01-01 07:00:00,15595980
2015-01-02 20:00:00,15646925
2015-01-04 09:00:00,15709003
2015-01-05 22:00:00,15757437
2015-01-07 11:00:00,15758186
2015-01-09 00:00:00,15772001
2015-01-10 13:00:00,15868395
2015-01-12 02:00:00,15956223
2015-01-13 15:00:00,15942422
2015-01-15 04:00:00,15947449
2015-01-16 17:00:00,15987672
2015-01-18 06:00:00,16105239
2015-01-19 19:00:00,16158491
2015-01-21 08:00:00,16183969
2015-01-22 21:00:00,16170329
2015-01-24 10:00:00,16200965
2015-01-25 23:00:00,16327217
2015-01-27 12:00:00,16314286
2015-01-29 01:00:00,16306407
2015-01-30 14:00:00,16343864
2015-02-01 03:00:00,16441816
2015-02-02 16:00:00,16481506
2015-02-04 05:00:00,16497137
2015-02-05 18:00:00,16500205
2015-02-07 07:00:00,16546562
2015-02-08 20:00:00,16693060
2015-02-10 09:00:00,16706859
2015-02-11 22:00:00,16710512
2015-02-13 11:00:00,16842491
2015-02-15 00:00:00,16965828
2015-02-16 13:00:00,17107552
2015-02-18 02:00:00,17224431
2015-02-19 15:00:00,17230837
2015-02-21 04:00:00,17213925
2015-02-22 17:00:00,17314386
2015-02-24 06:00:00,17336959
2015-02-25 19:00:00,17340763
2015-02-27 08:00:00,17338045
2015-02-28 21:00:00,17387856
2015-03-02 10:00:00,17420023
2015-03-03 23:00:00,17382141
2015-03-05 12:00:00,17383913
2015-03-07 01:00:00,17313613
2015-03-08 14:00:00,17352340
2015-03-10 03:00:00,17399338
2015-03-11 16:00:00,17356277
2015-03-13 05:00:00,17298196
2015-03-14 18:00:00,17344146
2015-03-16 07:00:00,17435655
2015-03-17 20:00:00,17466171
2015-03-19 09:00:00,17445291
2015-03-20 22:00:00,17454153
2015-03-22 11:00:00,17520296
2015-03-24 00:00:00,17604144
2015-03-25 13:00:00,17606120
2015-03-27 02:00:00,17627568
2015-03-28 15:00:00,17689069
2015-03-30 04:00:00,17776970
2015-03-31 17:00:00,17779766
2015-04-02 06:00:00,17814560
2015-04-03 19:00:00,17808281
2015-04-05 08:00:00,17878444
2015-04-06 21:00:00,17932081
2015-04-08 10:00:00,17937027
2015-04-09 23:00:00,17956682
2015-04-11 12:00:00,18057650
2015-04-13 01:00:00,18131889
2015-04-14 14:00:00,18142674
2015-04-16 03:00:00,18153223
2015-04-17 16:00:00,18179752
2015-04-19 05:00:00,18273405
2015-04-20 18:00:00,18329623
2015-04-22 07:00:00,18336012
2015-04-23 20:00:00,18360840
2015-04-25 09:00:00,18408702
2015-04-26 22:00:00,18477139
2015-04-28 11:00:00,18484860
2015-04-30 00:00:00,18488117
2015-05-01 13:00:00,18491683
2015-05-03 02:00:00,18603381
2015-05-04 15:00:00,18656426
2015-05-06 04:00:00,18690929
2015-05-07 17:00:00,18708021
2015-05-09 06:00:00,18795113
2015-05-10 19:00:00,18852287
2015-05-12 08:00:00,18882209
2015-05-13 21:00:00,18893189
2015-05-15 10:00:00,18916014
2015-05-16 23:00:00,19022919
2015-05-18 12:00:00,19088818
2015-05-20 01:00:00,19094933
2015-05-21 14:00:00,19133165
2015-05-23 03:00:00,19171370
2015-05-24 16:00:00,19307326
2015-05-26 05:00:00,19339508
2015-05-27 18:00:00,19338375
2015-05-29 07:00:00,19346830
2015-05-30 20:00:00,19467654
2015-06-01 09:00:00,19538568
2015-06-02 22:00:00,19550202
2015-06-04 11:00:00,19572175
2015-06-06 00:00:00,19608548
2015-06-07 13:00:00,19700223
2015-06-09 02:00:00,19751379
2015-06-10 15:00:00,19727995
2015-06-12 04:00:00,19769171
2015-06-13 17:00:00,19833528
2015-06-15 06:00:00,19912043
2015-06-16 19:00:00,19944118
2015-06-18 08:00:00,20040164
2015-06-19 21:00:00,20246639
2015-06-21 10:00:00,20293398
2015-06-22 23:00:00,20402390
2015-06-24 12:00:00,20403861
2015-06-26 01:00:00,20424084
2015-06-27 14:00:00,20501863
2015-06-29 03:00:00,20567799
2015-06-30 16:00:00,20775513
2015-07-02 05:00:00,20876034
2015-07-03 18:00:00,20892939
2015-07-05 07:00:00,20967727
2015-07-06 20:00:00,21174426
2015-07-08 09:00:00,22230987
2015-07-09 22:00:00,23220091
2015-07-11 11:00:00,24232048
2015-07-13 00:00:00,25532460
2015-07-14 13:00:00,25539767
2015-07-16 02:00:00,25147119
2015-07-17 15:00:00,24821608
2015-07-19 04:00:00,24551613
2015-07-20 17:00:00,24445572
2015-07-22 06:00:00,24455300
2015-07-23 19:00:00,24464069
2015-07-25 08:00:00,24442669
2015-07-26 21:00:00,24571162
2015-07-28 10:00:00,24788481
2015-07-29 23:00:00,25923359
2015-07-31 12:00:00,27425324
2015-08-02 01:00:00,29267379
2015-08-03 14:00:00,29393135
2015-08-05 03:00:00,30488057
2015-08-06 16:00:00,32103458
2015-08-08 05:00:00,32778575
2015-08-09 18:00:00,32875981
2015-08-11 07:00:00,32825148
2015-08-12 20:00:00,32802172
2015-08-14 09:00:00,32804354
2015-08-15 22:00:00,32842511
2015-08-17 11:00:00,32914730
2015-08-19 00:00:00,32910643
2015-08-20 13:00:00,32926327
2015-08-22 02:00:00,32961834
2015-08-23 15:00:00,33076203
2015-08-25 04:00:00,33089944
2015-08-26 17:00:00,33107172
2015-08-28 06:00:00,33146308
2015-08-29 19:00:00,33237681
2015-08-31 08:00:00,33323414
2015-09-01 21:00:00,33323638
2015-09-03 10:00:00,35164405
2015-09-04 23:00:00,35190054
2015-09-06 12:00:00,35281364
2015-09-08 01:00:00,35331491
2015-09-09 14:00:00,35059782
2015-09-11 03:00:00,34548096
2015-09-12 16:00:00,34275648
2015-09-14 05:00:00,34070896
2015-09-15 18:00:00,33703442
2015-09-17 07:00:00,33467349
2015-09-18 20:00:00,33441552
2015-09-20 09:00:00,33471301
2015-09-21 22:00:00,33577195
2015-09-23 11:00:00,33628008
2015-09-25 00:00:00,33610363
2015-09-26 13:00:00,33638719
2015-09-28 02:00:00,33681492
2015-09-29 15:00:00,33677765
2015-10-01 04:00:00,33663192
2015-10-02 17:00:00,33687719
2015-10-04 06:00:00,33703694
2015-10-05 19:00:00,33799395
2015-10-07 08:00:00,33744249
2015-10-08 21:00:00,33502229
2015-10-10 10:00:00,33345374
2015-10-11 23:00:00,33094358
2015-10-13 12:00:00,32966710
2015-10-15 01:00:00,32870572
2015-10-16 14:00:00,32807799
2015-10-18 03:00:00,32812188
2015-10-19 16:00:00,32761105
2015-10-21 05:00:00,32744021
2015-10-22 18:00:00,32714698
2015-10-24 07:00:00,32710868
2015-10-25 20:00:00,32735767
2015-10-27 09:00:00,32681186
2015-10-28 22:00:00,32648565
2015-10-30 11:00:00,32610973
2015-11-01 00:00:00,32669512
2015-11-02 13:00:00,32703355
2015-11-04 02:00:00,32642483
2015-11-05 15:00:00,32536978
2015-11-07 04:00:00,32595183
2015-11-08 17:00:00,32647276
2015-11-10 06:00:00,32642222
2015-11-11 19:00:00,32603441
2015-11-13 08:00:00,32629257
2015-11-14 21:00:00,32727388
2015-11-16 10:00:00,32794844
2015-11-17 23:00:00,32789490
2015-11-19 12:00:00,32810296
2015-11-21 01:00:00,32792292
2015-11-22 14:00:00,32864162
2015-11-24 03:00:00,32834409
2015-11-25 16:00:00,32871980
2015-11-27 05:00:00,32841604
2015-11-28 18:00:00,32883584
2015-11-30 07:00:00,32948717
2015-12-01 20:00:00,32888507
2015-12-03 09:00:00,32827039
2015-12-04 22:00:00,32819329
2015-12-06 11:00:00,32891869
2015-12-08 00:00:00,32942224
2015-12-09 13:00:00,32945311
2015-12-11 02:00:00,32945932
2015-12-12 15:00:00,33006166
2015-12-14 04:00:00,33065446
2015-12-15 17:00:00,33050346
2015-12-17 06:00:00,33095824
2015-12-18 19:00:00,33130210
2015-12-20 08:00:00,33262014
2015-12-21 21:00:00,33381371
2015-12-23 10:00:00,33402397
2015-12-24 23:00:00,33449137
2015-12-26 12:00:00,33577346
2015-12-28 01:00:00,33638302
2015-12-29 14:00:00,33627717
2015-12-31 03:00:00,33639890
2016-01-01 16:00:00,33643270
2016-01-03 05:00:00,33701654
2016-01-04 18:00:00,33774820
2016-01-06 07:00:00,33786498
2016-01-07 20:00:00,33795058
2016-01-09 09:00:00,33816745
2016-01-10 22:00:00,33938192
2016-01-12 11:00:00,33956200
2016-01-14 00:00:00,33962975
2016-01-15 13:00:00,33981285
2016-01-17 02:00:00,34010641
2016-01-18 15:00:00,34161514
2016-01-20 04:00:00,34094703
2016-01-21 17:00:00,34064864
2016-01-23 06:00:00,34090027
2016-01-24 19:00:00,34222904
2016-01-26 08:00:00,34281180
2016-01-27 21:00:00,34304103
2016-01-29 10:00:00,34340204
2016-01-30 23:00:00,34383941
2016-02-01 12:00:00,34443855
2016-02-03 01:00:00,34285719
2016-02-04 14:00:00,34171701
2016-02-06 03:00:00,34227646
2016-02-07 16:00:00,34413295
2016-02-09 05:00:00,34558177
2016-02-10 18:00:00,34576607
2016-02-12 07:00:00,34592847
2016-02-13 20:00:00,34651035
2016-02-15 09:00:00,34752629
2016-02-16 22:00:00,34798006
2016-02-18 11:00:00,34859583
2016-02-20 00:00:00,34916893
2016-02-21 13:00:00,35018168
2016-02-23 02:00:00,35150886
2016-02-24 15:00:00,35206006
2016-02-26 04:00:00,35198202
2016-02-27 17:00:00,35258530
2016-02-29 06:00:00,35367610
2016-03-01 19:00:00,35507352
2016-03-03 08:00:00,35499054
2016-03-04 21:00:00,35459376
2016-03-06 10:00:00,35511752
2016-03-07 23:00:00,35539051
2016-03-09 12:00:00,35494597
2016-03-11 01:00:00,35431455
2016-03-12 14:00:00,35481774
2016-03-14 03:00:00,35551206
2016-03-15 16:00:00,35544096
2016-03-17 05:00:00,35551021
2016-03-18 18:00:00,35628855
2016-03-20 07:00:00,35726576
2016-03-21 20:00:00,35807942
2016-03-23 09:00:00,35857923
2016-03-24 22:00:00,35888910
2016-03-26 11:00:00,35941249
2016-03-28 00:00:00,35914945
2016-03-29 13:00:00,35806071
2016-03-31 02:00:00,35707310
2016-04-01 15:00:00,35723179
2016-04-03 04:00:00,35643183
2016-04-04 17:00:00,35661384
2016-04-06 06:00:00,35695998
2016-04-07 19:00:00,35802354
2016-04-09 08:00:00,35908503
2016-04-10 21:00:00,35949237
2016-04-12 10:00:00,36096321
2016-04-13 23:00:00,36151497
2016-04-15 12:00:00,36258933
2016-04-17 01:00:00,36325160
2016-04-18 14:00:00,36422205
2016-04-20 03:00:00,36546297
2016-04-21 16:00:00,36589242
2016-04-23 05:00:00,36655291
2016-04-24 18:00:00,36807665
2016-04-26 07:00:00,36932392
2016-04-27 20:00:00,37037537
2016-04-29 09:00:00,37174834
2016-04-30 22:00:00,37310595
2016-05-02 11:00:00,37488516
2016-05-04 00:00:00,37503571
2016-05-05 13:00:00,37597920
2016-05-07 02:00:00,37714352
2016-05-08 15:00:00,37777533
2016-05-10 04:00:00,37949953
2016-05-11 17:00:00,38049318
2016-05-13 06:00:00,38189254
2016-05-14 19:00:00,38257382
2016-05-16 08:00:00,38375668
2016-05-17 21:00:00,38533416
2016-05-19 10:00:00,38721553
2016-05-20 23:00:00,38720555
2016-05-22 12:00:00,38668522
2016-05-24 01:00:00,38765869
2016-05-25 14:00:00,38856755
2016-05-27 03:00:00,38956646
2016-05-28 16:00:00,38869797
2016-05-30 05:00:00,38921650
2016-05-31 18:00:00,38941341
2016-06-02 07:00:00,39033704
2016-06-03 20:00:00,39130930
2016-06-05 09:00:00,39263640
2016-06-06 22:00:00,39318826
2016-06-08 11:00:00,39453125
2016-06-10 00:00:00,39562471
2016-06-11 13:00:00,39679515
2016-06-13 02:00:00,39808871
2016-06-14 15:00:00,39744614
2016-06-16 04:00:00,39845445
2016-06-17 17:00:00,39871419
2016-06-19 06:00:00,39922702
2016-06-20 19:00:00,40007079
2016-06-22 08:00:00,40129776
2016-06-23 21:00:00,40156292
2016-06-25 10:00:00,40272974
2016-06-26 23:00:00,40291354
2016-06-28 12:00:00,40386719
2016-06-30 01:00:00,40420329
2016-07-01 14:00:00,40426699
2016-07-03 03:00:00,40480848
2016-07-04 16:00:00,40537206
2016-07-06 05:00:00,40650249
2016-07-07 18:00:00,40652840
2016-07-09 07:00:00,40740340
2016-07-10 20:00:00,40823581
2016-07-12 09:00:00,40888442
2016-07-13 22:00:00,40974383
2016-07-15 11:00:00,41044288
2016-07-17 00:00:00,41040270
2016-07-18 13:00:00,40985847
2016-07-20 02:00:00,41095735
2016-07-21 15:00:00,41147995
2016-07-23 04:00:00,41205350
2016-07-24 17:00:00,41241521
2016-07-26 06:00:00,41376494
2016-07-27 19:00:00,41418999
2016-07-29 08:00:00,41483013
2016-07-30 21:00:00,41568980
2016-08-01 10:00:00,41498409
2016-08-02 23:00:00,41481241
2016-08-04 12:00:00,41488593
2016-08-06 01:00:00,41528592
2016-08-07 14:00:00,41554598
2016-08-09 03:00:00,41602525
2016-08-10 16:00:00,41673631
2016-08-12 05:00:00,41775059
2016-08-13 18:00:00,41783431
2016-08-15 07:00:00,41831537
2016-08-16 20:00:00,41863564
2016-08-18 09:00:00,41930025
2016-08-19 22:00:00,42012121
2016-08-21 11:00:00,42009128
2016-08-23 00:00:00,42060531
2016-08-24 13:00:00,42107225
2016-08-26 02:00:00,42206811
2016-08-27 15:00:00,42322917
2016-08-29 04:00:00,42305399
2016-08-30 17:00:00,42350928
2016-09-01 06:00:00,42398073
2016-09-02 19:00:00,42447953
2016-09-04 08:00:00,42444960
2016-09-05 21:00:00,42502955
2016-09-07 10:00:00,42547670
2016-09-08 23:00:00,42604975
2016-09-10 12:00:00,42614832
2016-09-12 01:00:00,42641729
2016-09-13 14:00:00,42647721
2016-09-15 03:00:00,42602041
2016-09-16 16:00:00,42637849
2016-09-18 05:00:00,42610385
2016-09-19 18:00:00,42676960
2016-09-21 07:00:00,42764601
2016-09-22 20:00:00,42815691
2016-09-24 09:00:00,42853664
2016-09-25 22:00:00,42837705
2016-09-27 11:00:00,42870275
2016-09-29 00:00:00,42875629
2016-09-30 13:00:00,42917942
2016-10-02 02:00:00,42942768
2016-10-03 15:00:00,42997388
2016-10-05 04:00:00,43014899
2016-10-06 17:00:00,43096288
2016-10-08 06:00:00,43185739
2016-10-09 19:00:00,43220091
2016-10-11 08:00:00,43253336
2016-10-12 21:00:00,43300592
2016-10-14 10:00:00,43321998
2016-10-15 23:00:00,43451088
2016-10-17 12:00:00,43484281
2016-10-19 01:00:00,43475270
2016-10-20 14:00:00,43452405
2016-10-22 03:00:00,43459276
2016-10-23 16:00:00,43370546
2016-10-25 05:00:00,43190747
2016-10-26 18:00:00,42977781
2016-10-28 07:00:00,42944236
2016-10-29 20:00:00,42953809
2016-10-31 09:00:00,42925449
2016-11-01 22:00:00,42945234
2016-11-03 11:00:00,42993286
2016-11-05 00:00:00,43088592
2016-11-06 13:00:00,43143560
2016-11-08 02:00:00,43238228
2016-11-09 15:00:00,43265585
2016-11-11 04:00:00,43290693
2016-11-12 17:00:00,43278477
2016-11-14 06:00:00,43353404
2016-11-15 19:00:00,43405218
2016-11-17 08:00:00,43419228
2016-11-18 21:00:00,43469822
2016-11-20 10:00:00,43621480
2016-11-21 23:00:00,43817448
2016-11-23 12:00:00,43983267
2016-11-25 01:00:00,44071932
2016-11-26 14:00:00,44108280
2016-11-28 03:00:00,44180299
2016-11-29 16:00:00,44207293
2016-12-01 05:00:00,44313882
2016-12-02 18:00:00,44346297
2016-12-04 07:00:00,44335847
2016-12-05 20:00:00,44357808
2016-12-07 09:00:00,44418408
2016-12-08 22:00:00,44455534
2016-12-10 11:00:00,44490639
2016-12-12 00:00:00,44493458
2016-12-13 13:00:00,44468167
2016-12-15 02:00:00,44611033
2016-12-16 15:00:00,44715565
2016-12-18 04:00:00,44829756
2016-12-19 17:00:00,44847933
2016-12-21 06:00:00,44927930
2016-12-22 19:00:00,44972024
2016-12-24 08:00:00,45059745
2016-12-25 21:00:00,45042575
2016-12-27 10:00:00,45059925
2016-12-28 23:00:00,45100859
2016-12-30 12:00:00,45168702
2017-01-01 01:00:00,45283902
2017-01-02 14:00:00,45372999
2017-01-04 03:00:00,45539858
2017-01-05 16:00:00,45614285
2017-01-07 05:00:00,45716051
2017-01-08 18:00:00,45795683
2017-01-10 07:00:00,45912750
2017-01-11 20:00:00,45980832
2017-01-13 09:00:00,46017121
2017-01-14 22:00:00,46069670
2017-01-16 11:00:00,46128829
2017-01-18 00:00:00,46203920
2017-01-19 13:00:00,46278028
2017-01-21 02:00:00,46375478
2017-01-22 15:00:00,46440600
2017-01-24 04:00:00,46354315
2017-01-25 17:00:00,46383419
2017-01-27 06:00:00,46340324
2017-01-28 19:00:00,46309535
2017-01-30 08:00:00,46190900
2017-01-31 21:00:00,46240924
2017-02-02 10:00:00,46283526
2017-02-03 23:00:00,46446625
2017-02-05 12:00:00,46424074
2017-02-07 01:00:00,46441607
2017-02-08 14:00:00,46544379
2017-02-10 03:00:00,46622760
2017-02-11 16:00:00,46688432
2017-02-13 05:00:00,46723521
2017-02-14 18:00:00,46741660
2017-02-16 07:00:00,46826179
2017-02-17 20:00:00,46971496
2017-02-19 09:00:00,46985780
2017-02-20 22:00:00,47076087
2017-02-22 11:00:00,47168757
2017-02-24 00:00:00,47312610
2017-02-25 13:00:00,47407548
2017-02-27 02:00:00,47337914
2017-02-28 15:00:00,47453502
2017-03-02 04:00:00,47628699
2017-03-03 17:00:00,47809882
2017-03-05 06:00:00,47892240
2017-03-06 19:00:00,48012590
2017-03-08 08:00:00,48113968
2017-03-09 21:00:00,48238577
2017-03-11 10:00:00,48296698
2017-03-12 23:00:00,48184975
2017-03-14 12:00:00,48217976
2017-03-16 01:00:00,48340457
2017-03-17 14:00:00,48419741
2017-03-19 03:00:00,48459213
2017-03-20 16:00:00,48469665
2017-03-22 05:00:00,48642372
2017-03-23 18:00:00,48735421
2017-03-25 07:00:00,48781718
2017-03-26 20:00:00,48931018
2017-03-28 09:00:00,49037131
2017-03-29 22:00:00,49158858
2017-03-31 11:00:00,49133979
2017-04-02 00:00:00,49263009
2017-04-03 13:00:00,49345746
2017-04-05 02:00:00,49466187
2017-04-06 15:00:00,49581521
2017-04-08 04:00:00,49643931
2017-04-09 17:00:00,49628372
2017-04-11 06:00:00,49766173
2017-04-12 19:00:00,49942075
2017-04-14 08:00:00,50106335
2017-04-15 21:00:00,50332082
2017-04-17 10:00:00,50375057
2017-04-18 23:00:00,50567082
2017-04-20 12:00:00,50640256
2017-04-22 01:00:00,50705455
2017-04-23 14:00:00,50743725
2017-04-25 03:00:00,50814440
2017-04-26 16:00:00,50964835
2017-04-28 05:00:00,51100522
2017-04-29 18:00:00,51244984
2017-05-01 07:00:00,51266467
2017-05-02 20:00:00,51399890
2017-05-04 09:00:00,51580716
2017-05-05 22:00:00,51800199
2017-05-07 11:00:00,51851854
2017-05-09 00:00:00,52017409
2017-05-10 13:00:00,52175412
2017-05-12 02:00:00,52444600
2017-05-13 15:00:00,52583867
2017-05-15 04:00:00,52763526
2017-05-16 17:00:00,52911425
2017-05-18 06:00:00,52921122
2017-05-19 19:00:00,53013533
2017-05-21 08:00:00,53082621
2017-05-22 21:00:00,53218066
2017-05-24 10:00:00,53414247
2017-05-25 23:00:00,53622658
2017-05-27 12:00:00,53814550
2017-05-29 01:00:00,53819200
2017-05-30 14:00:00,54012088
2017-06-01 03:00:00,54138361
2017-06-02 16:00:00,54218233
2017-06-04 05:00:00,54126832
2017-06-05 18:00:00,54115490
2017-06-07 07:00:00,54189893
2017-06-08 20:00:00,54187086
2017-06-10 09:00:00,54215940
2017-06-11 22:00:00,54142847
2017-06-13 11:00:00,54213241
2017-06-15 00:00:00,54356240
2017-06-16 13:00:00,54333205
2017-06-18 02:00:00,54260382
2017-06-19 15:00:00,54108190
2017-06-21 04:00:00,54207526
2017-06-22 17:00:00,54362730
2017-06-24 06:00:00,54282887
2017-06-25 19:00:00,54135834
2017-06-27 08:00:00,54171122
2017-06-28 21:00:00,54271912
2017-06-30 10:00:00,54273108
2017-07-01 23:00:00,54163587
2017-07-03 12:00:00,54001254
2017-07-05 01:00:00,54048575
2017-07-06 14:00:00,53977989
2017-07-08 03:00:00,54058332
2017-07-09 16:00:00,54002187
2017-07-11 05:00:00,54043324
2017-07-12 18:00:00,54012418
2017-07-14 07:00:00,54023443
2017-07-15 20:00:00,54050783
2017-07-17 09:00:00,53913785
2017-07-18 22:00:00,53877581
2017-07-20 11:00:00,53813582
2017-07-22 00:00:00,53822094
2017-07-23 13:00:00,53692127
2017-07-25 02:00:00,53562028
2017-07-26 15:00:00,53569892
2017-07-28 04:00:00,53447537
2017-07-29 17:00:00,53359659
2017-07-31 06:00:00,53189830
2017-08-01 19:00:00,52971649
2017-08-03 08:00:00,52763193
2017-08-04 21:00:00,52657379
2017-08-06 10:00:00,52553072
2017-08-07 23:00:00,52527757
2017-08-09 12:00:00,52552978
2017-08-11 01:00:00,52703230
2017-08-12 14:00:00,52813267
2017-08-14 03:00:00,52850267
2017-08-15 16:00:00,53035023
2017-08-17 05:00:00,53192200
2017-08-18 18:00:00,53342546
2017-08-20 07:00:00,53357955
2017-08-21 20:00:00,53473558
2017-08-23 09:00:00,53689102
2017-08-24 22:00:00,53793942
2017-08-26 11:00:00,53988991
2017-08-28 00:00:00,54018899
2017-08-29 13:00:00,54030919
2017-08-31 02:00:00,53937409
2017-09-01 15:00:00,53885716
2017-09-03 04:00:00,53898918
2017-09-04 17:00:00,53796706
2017-09-06 06:00:00,53828086
2017-09-07 19:00:00,53841024
2017-09-09 08:00:00,53846908
2017-09-10 21:00:00,53813835
2017-09-12 10:00:00,53816803
2017-09-13 23:00:00,53881695
2017-09-15 12:00:00,53899214
2017-09-17 01:00:00,54006033
2017-09-18 14:00:00,54020263
2017-09-20 03:00:00,54062827
2017-09-21 16:00:00,54110663
2017-09-23 05:00:00,54242342
2017-09-24 18:00:00,54287187
2017-09-26 07:00:00,54382636
2017-09-27 20:00:00,54487079
2017-09-29 09:00:00,54488102
2017-09-30 22:00:00,54606280
2017-10-02 11:00:00,54569989
2017-10-04 00:00:00,54558025
2017-10-05 13:00:00,54672932
2017-10-07 02:00:00,54778183
2017-10-08 15:00:00,54768059
2017-10-10 04:00:00,54771499
2017-10-11 17:00:00,54878154
2017-10-13 06:00:00,54975642
2017-10-14 19:00:00,55181220
2017-10-16 08:00:00,55121152
2017-10-17 21:00:00,55269557
2017-10-19 10:00:00,55461462
2017-10-20 23:00:00,55520545
2017-10-22 12:00:00,55406914
2017-10-24 01:00:00,55417062
2017-10-25 14:00:00,55454392
2017-10-27 03:00:00,55526586
2017-10-28 16:00:00,55804665
2017-10-30 05:00:00,55992830
2017-10-31 18:00:00,56087658
2017-11-02 07:00:00,56291219
2017-11-03 20:00:00,56596335
2017-11-05 09:00:00,56698795
2017-11-06 22:00:00,56811873
2017-11-08 11:00:00,56978587
2017-11-10 00:00:00,57200127
2017-11-11 13:00:00,57467730
2017-11-13 02:00:00,57694957
2017-11-14 15:00:00,57947185
2017-11-16 04:00:00,58117471
2017-11-17 17:00:00,58182549
2017-11-19 06:00:00,58097457
2017-11-20 19:00:00,58185684
2017-11-22 08:00:00,58337738
2017-11-23 21:00:00,58568926
2017-11-25 10:00:00,58767085
2017-11-26 23:00:00,58939989
2017-11-28 12:00:00,59243326
2017-11-30 01:00:00,59581917
2017-12-01 14:00:00,59906766
2017-12-03 03:00:00,60080618
2017-12-04 16:00:00,60222201
2017-12-06 05:00:00,60580474
2017-12-07 18:00:00,61000783
2017-12-09 07:00:00,61489736
2017-12-10 20:00:00,61617366
2017-12-12 09:00:00,61879501
2017-12-13 22:00:00,62281509
2017-12-15 11:00:00,62784008
2017-12-17 00:00:00,63035162
2017-12-18 13:00:00,63202592
2017-12-20 02:00:00,63717072
2017-12-21 15:00:00,64271027
2017-12-23 04:00:00,64727688
2017-12-24 17:00:00,64873299
2017-12-26 06:00:00,64832972
2017-12-27 19:00:00,64896209
2017-12-29 08:00:00,65064312
2017-12-30 21:00:00,65444667
2018-01-01 10:00:00,65256824
2018-01-02 23:00:00,65360606
2018-01-04 12:00:00,65928885
2018-01-06 01:00:00,66528875
2018-01-07 14:00:00,66866058
2018-01-09 03:00:00,67242430
2018-01-10 16:00:00,67619413
2018-01-12 05:00:00,67530995
2018-01-13 18:00:00,67524536
2018-01-15 07:00:00,67514328
2018-01-16 20:00:00,67591894
2018-01-18 09:00:00,67623587
2018-01-19 22:00:00,67469366
2018-01-21 11:00:00,66973488
2018-01-23 00:00:00,66585301
2018-01-24 13:00:00,66233661
2018-01-26 02:00:00,65993778
2018-01-27 15:00:00,65757339
